# USER
INSERT INTO USER (ID, EMAIL, USERNAME, PASSWORD, CREATION_DATE, ENABLED, LOCKED) VALUES (1, 'whouari@planet.de', 'Anonimowy', '$2a$10$cN3vWHQgXuDF.ZsQtSBhxOho5hQXppZ0UoC16KsRq8EJJ39pwyJd2', '2020-10-01 12:00:00', false, false);
INSERT INTO USER (ID, EMAIL, USERNAME, PASSWORD, CREATION_DATE, ENABLED, LOCKED) VALUES (2, 'tisidro@gmailup.com', 'CtioNtEl', '$2a$10$cN3vWHQgXuDF.ZsQtSBhxOho5hQXppZ0UoC16KsRq8EJJ39pwyJd2', '2020-11-02 13:00:00', true, true);
INSERT INTO USER (ID, EMAIL, USERNAME, PASSWORD, CREATION_DATE, ENABLED, LOCKED) VALUES (3, 'simo@adorateur.com', 'Użytkownik', '$2a$10$cN3vWHQgXuDF.ZsQtSBhxOho5hQXppZ0UoC16KsRq8EJJ39pwyJd2', '2020-12-03 14:00:00', true, false);
INSERT INTO USER (ID, EMAIL, USERNAME, PASSWORD, CREATION_DATE, ENABLED, LOCKED) VALUES (4, 'gsinghsher@aplpy.com', 'eAPeZigo', '$2a$10$cN3vWHQgXuDF.ZsQtSBhxOho5hQXppZ0UoC16KsRq8EJJ39pwyJd2', '2020-06-04 09:00:00', true, false);
INSERT INTO USER (ID, EMAIL, USERNAME, PASSWORD, CREATION_DATE, ENABLED, LOCKED) VALUES (5, 'rash@avantageexpress.ca', 'otletSVE', '$2a$10$cN3vWHQgXuDF.ZsQtSBhxOho5hQXppZ0UoC16KsRq8EJJ39pwyJd2', '2020-04-05 16:00:00', true, true);
INSERT INTO USER (ID, EMAIL, USERNAME, PASSWORD, CREATION_DATE, ENABLED, LOCKED) VALUES (6, 'oyongin503p@proindia.tk', 'SOnaNTHi', '$2a$10$cN3vWHQgXuDF.ZsQtSBhxOho5hQXppZ0UoC16KsRq8EJJ39pwyJd2', '2020-05-05 16:00:00', true, true);
INSERT INTO USER (ID, EMAIL, USERNAME, PASSWORD, CREATION_DATE, ENABLED, LOCKED) VALUES (7, 'pit@malomiesed.com', 'iteNdang', '$2a$10$cN3vWHQgXuDF.ZsQtSBhxOho5hQXppZ0UoC16KsRq8EJJ39pwyJd2', '2020-08-05 16:00:00', false, false);
INSERT INTO USER (ID, EMAIL, USERNAME, PASSWORD, CREATION_DATE, ENABLED, LOCKED) VALUES (8, 'amadore@ddsongyy.com', 'mANdEaSi', '$2a$10$cN3vWHQgXuDF.ZsQtSBhxOho5hQXppZ0UoC16KsRq8EJJ39pwyJd2', '2020-05-05 16:00:00', true, false);
INSERT INTO USER (ID, EMAIL, USERNAME, PASSWORD, CREATION_DATE, ENABLED, LOCKED) VALUES (9, 'lyasmimu@true.com', 'oCkHAmPT', '$2a$10$cN3vWHQgXuDF.ZsQtSBhxOho5hQXppZ0UoC16KsRq8EJJ39pwyJd2', '2020-05-05 16:00:00', true, false);
INSERT INTO USER (ID, EMAIL, USERNAME, PASSWORD, CREATION_DATE, ENABLED, LOCKED) VALUES (10, 'm1997mtt2f@avantage.ca', 'TruSeNtr', '$2a$10$cN3vWHQgXuDF.ZsQtSBhxOho5hQXppZ0UoC16KsRq8EJJ39pwyJd2', '2021-01-05 16:00:00', true, false);
INSERT INTO USER (ID, EMAIL, USERNAME, PASSWORD, CREATION_DATE, ENABLED, LOCKED) VALUES (11, 'wkhaled@avantage.ca', 'matiNeFo', '$2a$10$cN3vWHQgXuDF.ZsQtSBhxOho5hQXppZ0UoC16KsRq8EJJ39pwyJd2', '2020-05-05 16:00:00', false, false);
INSERT INTO USER (ID, EMAIL, USERNAME, PASSWORD, CREATION_DATE, ENABLED, LOCKED) VALUES (12, 'shoked@libri.shop', 'raBORmEt', '$2a$10$cN3vWHQgXuDF.ZsQtSBhxOho5hQXppZ0UoC16KsRq8EJJ39pwyJd2', '2020-05-05 16:00:00', true, false);
INSERT INTO USER (ID, EMAIL, USERNAME, PASSWORD, CREATION_DATE, ENABLED, LOCKED) VALUES (13, 'ishoaib@reviews.com', 'ocYcLEaB', '$2a$10$cN3vWHQgXuDF.ZsQtSBhxOho5hQXppZ0UoC16KsRq8EJJ39pwyJd2', '2020-06-05 12:00:00', true, false);
INSERT INTO USER (ID, EMAIL, USERNAME, PASSWORD, CREATION_DATE, ENABLED, LOCKED) VALUES (14, 'jyassir.mar@pafnuty.com', 'rABaStRi', '$2a$10$cN3vWHQgXuDF.ZsQtSBhxOho5hQXppZ0UoC16KsRq8EJJ39pwyJd2', '2020-05-05 16:00:00', true, false);
INSERT INTO USER (ID, EMAIL, USERNAME, PASSWORD, CREATION_DATE, ENABLED, LOCKED) VALUES (15, 'waleed.aa9k@mblkml.pl', 'uLstuOPA', '$2a$10$cN3vWHQgXuDF.ZsQtSBhxOho5hQXppZ0UoC16KsRq8EJJ39pwyJd2', '2020-05-07 14:20:00', true, false);
INSERT INTO USER (ID, EMAIL, USERNAME, PASSWORD, CREATION_DATE, ENABLED, LOCKED) VALUES (16, 'mkaka.kaka1@oduea.store', 'OrTIcITi', '$2a$10$cN3vWHQgXuDF.ZsQtSBhxOho5hQXppZ0UoC16KsRq8EJJ39pwyJd2', '2020-02-05 16:00:00', true, false);
INSERT INTO USER (ID, EMAIL, USERNAME, PASSWORD, CREATION_DATE, ENABLED, LOCKED) VALUES (17, 'al.shrs@cetssc.org', 'ApLArtHw', '$2a$10$cN3vWHQgXuDF.ZsQtSBhxOho5hQXppZ0UoC16KsRq8EJJ39pwyJd2', '2020-03-05 16:00:00', true, false);
INSERT INTO USER (ID, EMAIL, USERNAME, PASSWORD, CREATION_DATE, ENABLED, LOCKED) VALUES (18, 'tamnaijazj@channels.su', 'ErOsTUmB', '$2a$10$cN3vWHQgXuDF.ZsQtSBhxOho5hQXppZ0UoC16KsRq8EJJ39pwyJd2', '2020-05-05 16:00:00', true, true);
INSERT INTO USER (ID, EMAIL, USERNAME, PASSWORD, CREATION_DATE, ENABLED, LOCKED) VALUES (19, 'rourouray@autorace.pt', 'ORZArKWe', '$2a$10$cN3vWHQgXuDF.ZsQtSBhxOho5hQXppZ0UoC16KsRq8EJJ39pwyJd2', '2020-12-05 16:00:00', true, false);
INSERT INTO USER (ID, EMAIL, USERNAME, PASSWORD, CREATION_DATE, ENABLED, LOCKED) VALUES (20, 'amohd95must@ddsongyy.com', 'RJeThrIt', '$2a$10$cN3vWHQgXuDF.ZsQtSBhxOho5hQXppZ0UoC16KsRq8EJJ39pwyJd2', '2020-05-05 01:00:00', true, false);
INSERT INTO USER (ID, EMAIL, USERNAME, PASSWORD, CREATION_DATE, ENABLED, LOCKED) VALUES (21, 'libso.user2@gmail.com', 'username', '$2a$10$ejvus7H5J.j.QNXOXs0/6OdXFqM./2d6XfnEQhapbGLOptqMmjmj.', '2020-05-02 16:00:00', true, false);

# TOKEN
INSERT INTO TOKEN (USER_ID, VALUE) VALUES (1, 'UNIQUE_TOKEN1');
INSERT INTO TOKEN (USER_ID, VALUE) VALUES (2, 'UNIQUE_TOKEN2');
INSERT INTO TOKEN (USER_ID, VALUE) VALUES (3, 'UNIQUE_TOKEN3');
INSERT INTO TOKEN (USER_ID, VALUE) VALUES (4, 'UNIQUE_TOKEN4');
INSERT INTO TOKEN (USER_ID, VALUE) VALUES (5, 'UNIQUE_TOKEN5');
INSERT INTO TOKEN (USER_ID, VALUE) VALUES (6, 'UNIQUE_TOKEN6');
INSERT INTO TOKEN (USER_ID, VALUE) VALUES (7, 'UNIQUE_TOKEN7');
INSERT INTO TOKEN (USER_ID, VALUE) VALUES (8, 'UNIQUE_TOKEN8');
INSERT INTO TOKEN (USER_ID, VALUE) VALUES (9, 'UNIQUE_TOKEN9');
INSERT INTO TOKEN (USER_ID, VALUE) VALUES (10, 'UNIQUE_TOKEN10');
INSERT INTO TOKEN (USER_ID, VALUE) VALUES (11, 'UNIQUE_TOKEN11');
INSERT INTO TOKEN (USER_ID, VALUE) VALUES (12, 'UNIQUE_TOKEN12');
INSERT INTO TOKEN (USER_ID, VALUE) VALUES (13, 'UNIQUE_TOKEN13');
INSERT INTO TOKEN (USER_ID, VALUE) VALUES (14, 'UNIQUE_TOKEN14');
INSERT INTO TOKEN (USER_ID, VALUE) VALUES (15, 'UNIQUE_TOKEN15');
INSERT INTO TOKEN (USER_ID, VALUE) VALUES (16, 'UNIQUE_TOKEN16');
INSERT INTO TOKEN (USER_ID, VALUE) VALUES (17, 'UNIQUE_TOKEN17');
INSERT INTO TOKEN (USER_ID, VALUE) VALUES (18, 'UNIQUE_TOKEN18');
INSERT INTO TOKEN (USER_ID, VALUE) VALUES (19, 'UNIQUE_TOKEN19');
INSERT INTO TOKEN (USER_ID, VALUE) VALUES (20, 'UNIQUE_TOKEN20');
INSERT INTO TOKEN (USER_ID, VALUE) VALUES (21, 'UNIQUE_TOKEN21');

# ROLE
INSERT INTO AUTHORITY (ID, AUTHORITY_TYPE) VALUES (1, 'ROLE_USER');
INSERT INTO AUTHORITY (ID, AUTHORITY_TYPE) VALUES (2, 'ROLE_MODERATOR');
INSERT INTO AUTHORITY (ID, AUTHORITY_TYPE) VALUES (3, 'ROLE_ADMIN');

# USER_AUTHORITY
INSERT INTO USER_AUTHORITY (USER_ID, AUTHORITY_ID) VALUES (1, 1);
INSERT INTO USER_AUTHORITY (USER_ID, AUTHORITY_ID) VALUES (1, 2);
INSERT INTO USER_AUTHORITY (USER_ID, AUTHORITY_ID) VALUES (1, 3);
INSERT INTO USER_AUTHORITY (USER_ID, AUTHORITY_ID) VALUES (2, 1);
INSERT INTO USER_AUTHORITY (USER_ID, AUTHORITY_ID) VALUES (2, 2);
INSERT INTO USER_AUTHORITY (USER_ID, AUTHORITY_ID) VALUES (3, 1);
INSERT INTO USER_AUTHORITY (USER_ID, AUTHORITY_ID) VALUES (3, 2);
INSERT INTO USER_AUTHORITY (USER_ID, AUTHORITY_ID) VALUES (3, 3);
INSERT INTO USER_AUTHORITY (USER_ID, AUTHORITY_ID) VALUES (4, 1);
INSERT INTO USER_AUTHORITY (USER_ID, AUTHORITY_ID) VALUES (4, 2);
INSERT INTO USER_AUTHORITY (USER_ID, AUTHORITY_ID) VALUES (4, 3);
INSERT INTO USER_AUTHORITY (USER_ID, AUTHORITY_ID) VALUES (5, 1);
INSERT INTO USER_AUTHORITY (USER_ID, AUTHORITY_ID) VALUES (6, 1);
INSERT INTO USER_AUTHORITY (USER_ID, AUTHORITY_ID) VALUES (7, 1);
INSERT INTO USER_AUTHORITY (USER_ID, AUTHORITY_ID) VALUES (7, 2);
INSERT INTO USER_AUTHORITY (USER_ID, AUTHORITY_ID) VALUES (8, 1);
INSERT INTO USER_AUTHORITY (USER_ID, AUTHORITY_ID) VALUES (9, 1);
INSERT INTO USER_AUTHORITY (USER_ID, AUTHORITY_ID) VALUES (10, 1);
INSERT INTO USER_AUTHORITY (USER_ID, AUTHORITY_ID) VALUES (11, 1);
INSERT INTO USER_AUTHORITY (USER_ID, AUTHORITY_ID) VALUES (11, 2);
INSERT INTO USER_AUTHORITY (USER_ID, AUTHORITY_ID) VALUES (11, 3);
INSERT INTO USER_AUTHORITY (USER_ID, AUTHORITY_ID) VALUES (12, 1);
INSERT INTO USER_AUTHORITY (USER_ID, AUTHORITY_ID) VALUES (13, 1);
INSERT INTO USER_AUTHORITY (USER_ID, AUTHORITY_ID) VALUES (14, 1);
INSERT INTO USER_AUTHORITY (USER_ID, AUTHORITY_ID) VALUES (15, 1);
INSERT INTO USER_AUTHORITY (USER_ID, AUTHORITY_ID) VALUES (15, 2);
INSERT INTO USER_AUTHORITY (USER_ID, AUTHORITY_ID) VALUES (15, 3);
INSERT INTO USER_AUTHORITY (USER_ID, AUTHORITY_ID) VALUES (16, 1);
INSERT INTO USER_AUTHORITY (USER_ID, AUTHORITY_ID) VALUES (17, 1);
INSERT INTO USER_AUTHORITY (USER_ID, AUTHORITY_ID) VALUES (18, 1);
INSERT INTO USER_AUTHORITY (USER_ID, AUTHORITY_ID) VALUES (19, 1);
INSERT INTO USER_AUTHORITY (USER_ID, AUTHORITY_ID) VALUES (19, 2);
INSERT INTO USER_AUTHORITY (USER_ID, AUTHORITY_ID) VALUES (20, 1);
INSERT INTO USER_AUTHORITY (USER_ID, AUTHORITY_ID) VALUES (21, 1);
INSERT INTO USER_AUTHORITY (USER_ID, AUTHORITY_ID) VALUES (21, 2);
INSERT INTO USER_AUTHORITY (USER_ID, AUTHORITY_ID) VALUES (21, 3);

# PERSON
INSERT INTO PERSON (USER_ID, NAME, SURNAME, PHONE_NUMBER, DATE_OF_BIRTH) VALUES (1, 'Jan', 'Kowalski', '123098765', '1992-01-01');
INSERT INTO PERSON (USER_ID, NAME, SURNAME, PHONE_NUMBER, DATE_OF_BIRTH) VALUES (2, 'Andrzej', 'Nowak', '702452123', '1983-12-22');
INSERT INTO PERSON (USER_ID, NAME, SURNAME, PHONE_NUMBER, DATE_OF_BIRTH) VALUES (3, 'Piotr', 'Krawczyk', '609623756', '1990-03-15');
INSERT INTO PERSON (USER_ID, NAME, SURNAME, PHONE_NUMBER, DATE_OF_BIRTH) VALUES (4, 'Paweł', 'Adamczyk', '233713859', '1998-07-11');
INSERT INTO PERSON (USER_ID, NAME, SURNAME, PHONE_NUMBER, DATE_OF_BIRTH) VALUES (5, 'Adam', 'Kaminski', '888725612', '1985-10-08');
INSERT INTO PERSON (USER_ID, NAME, SURNAME, PHONE_NUMBER, DATE_OF_BIRTH) VALUES (6, 'Balbina', 'Macdonald', '785550097', '1981-06-25');
INSERT INTO PERSON (USER_ID, NAME, SURNAME, PHONE_NUMBER, DATE_OF_BIRTH) VALUES (7, 'Norbert', 'Nichols', '735558230', '1989-02-14');
INSERT INTO PERSON (USER_ID, NAME, SURNAME, PHONE_NUMBER, DATE_OF_BIRTH) VALUES (8, 'Eryk', 'Roach', '515553077', '1990-08-21');
INSERT INTO PERSON (USER_ID, NAME, SURNAME, PHONE_NUMBER, DATE_OF_BIRTH) VALUES (9, 'Jurek', 'Parks', '695552224', '1992-12-24');
INSERT INTO PERSON (USER_ID, NAME, SURNAME, PHONE_NUMBER, DATE_OF_BIRTH) VALUES (10, 'Miłogost', 'Murphy', '505552789', '2009-01-15');
INSERT INTO PERSON (USER_ID, NAME, SURNAME, PHONE_NUMBER, DATE_OF_BIRTH) VALUES (11, 'Kryspin', 'Riley', '725558122', '1991-03-21');
INSERT INTO PERSON (USER_ID, NAME, SURNAME, PHONE_NUMBER, DATE_OF_BIRTH) VALUES (12, 'Oliwia', 'Green', '785559313', '2005-05-13');
INSERT INTO PERSON (USER_ID, NAME, SURNAME, PHONE_NUMBER, DATE_OF_BIRTH) VALUES (13, 'Wiola', 'Miranda', '515553909', '2010-10-15');
INSERT INTO PERSON (USER_ID, NAME, SURNAME, PHONE_NUMBER, DATE_OF_BIRTH) VALUES (14, 'Aldona', 'Rollins', '535558029', '2012-02-06');
INSERT INTO PERSON (USER_ID, NAME, SURNAME, PHONE_NUMBER, DATE_OF_BIRTH) VALUES (15, 'Teodora', 'Ray', '535550102', '2012-08-15');
INSERT INTO PERSON (USER_ID, NAME, SURNAME, PHONE_NUMBER, DATE_OF_BIRTH) VALUES (16, 'Leon', 'Willis', '725553622', '1990-04-17');
INSERT INTO PERSON (USER_ID, NAME, SURNAME, PHONE_NUMBER, DATE_OF_BIRTH) VALUES (17, 'Kacper', 'Simmons', '785559227', '2008-05-19');
INSERT INTO PERSON (USER_ID, NAME, SURNAME, PHONE_NUMBER, DATE_OF_BIRTH) VALUES (18, 'Szczepan', 'Clayton', '725551992', '2008-09-08');
INSERT INTO PERSON (USER_ID, NAME, SURNAME, PHONE_NUMBER, DATE_OF_BIRTH) VALUES (19, 'Eugenia', 'Glass', '735555235', '2012-02-02');
INSERT INTO PERSON (USER_ID, NAME, SURNAME, PHONE_NUMBER, DATE_OF_BIRTH) VALUES (20, 'Waldemar', 'Sexton', '505556838', '2013-05-23');
INSERT INTO PERSON (USER_ID, NAME, SURNAME, PHONE_NUMBER, DATE_OF_BIRTH) VALUES (21, 'Damian', 'Muszyński', '505152838', '1996-08-24');

# ADDRESS
INSERT INTO ADDRESS (USER_ID, COUNTRY, PROVINCE, LOCATION, ZIP_CODE, STREET, APARTMENT_NUMBER, DELIVERY_ADDRESS) VALUES (1, 'Polska', 'Mazowieckie', 'Warszawa', '00001', 'Warszawska', '1', true);
INSERT INTO ADDRESS (USER_ID, COUNTRY, PROVINCE, LOCATION, ZIP_CODE, STREET, APARTMENT_NUMBER, DELIVERY_ADDRESS) VALUES (1, 'Polska', 'Świętokrzyskie', 'Kielce', '25001', 'Kielecka', '2', false);
INSERT INTO ADDRESS (USER_ID, COUNTRY, PROVINCE, LOCATION, ZIP_CODE, STREET, APARTMENT_NUMBER, DELIVERY_ADDRESS) VALUES (2, 'Polska', 'Mazowieckie', 'Radom', '26601', 'Radomska', '3', true);
INSERT INTO ADDRESS (USER_ID, COUNTRY, PROVINCE, LOCATION, ZIP_CODE, STREET, APARTMENT_NUMBER, DELIVERY_ADDRESS) VALUES (2, 'Polska', 'Lubelskie', 'Lubin', '59300', 'Kwiatowa', '4', false);
INSERT INTO ADDRESS (USER_ID, COUNTRY, PROVINCE, LOCATION, ZIP_CODE, STREET, APARTMENT_NUMBER, DELIVERY_ADDRESS) VALUES (2, 'Polska', 'Śląskie', 'Katowice', '40001', 'Ceglana','5', false);
INSERT INTO ADDRESS (USER_ID, COUNTRY, PROVINCE, LOCATION, ZIP_CODE, STREET, APARTMENT_NUMBER, DELIVERY_ADDRESS) VALUES (3, 'Polska', 'Zachodnio-pomorskie', 'Szczecin', '70002', 'Struga', '6', true);
INSERT INTO ADDRESS (USER_ID, COUNTRY, PROVINCE, LOCATION, ZIP_CODE, STREET, APARTMENT_NUMBER, DELIVERY_ADDRESS) VALUES (4, 'Polska', 'Pomorskie', 'Gdańsk', '80012', 'Szeroka', '7', true);
INSERT INTO ADDRESS (USER_ID, COUNTRY, PROVINCE, LOCATION, ZIP_CODE, STREET, APARTMENT_NUMBER, DELIVERY_ADDRESS) VALUES (5, 'Polska', 'Pomorskie', 'Gdynia', '80229', 'Morkska', '8', true);
INSERT INTO ADDRESS (USER_ID, COUNTRY, PROVINCE, LOCATION, ZIP_CODE, STREET, APARTMENT_NUMBER, DELIVERY_ADDRESS) VALUES (5, 'Polska', 'Świętokrzyskie', 'Kielce', '85000', 'Kielecka', '9', false);
INSERT INTO ADDRESS (USER_ID, COUNTRY, PROVINCE, LOCATION, ZIP_CODE, STREET, APARTMENT_NUMBER, DELIVERY_ADDRESS) VALUES (5, 'Polska', 'Śląskie', 'Katowice', '40008', 'Katowicka', '10', false);
INSERT INTO ADDRESS (USER_ID, COUNTRY, PROVINCE, LOCATION, ZIP_CODE, STREET, APARTMENT_NUMBER, DELIVERY_ADDRESS) VALUES (6, 'Polska', 'Lubelskie', 'Szczecin', '76991', 'Stolarska', '73', true);
INSERT INTO ADDRESS (USER_ID, COUNTRY, PROVINCE, LOCATION, ZIP_CODE, STREET, APARTMENT_NUMBER, DELIVERY_ADDRESS) VALUES (7, 'Polska', 'Śląskie', 'Ostrołęka', '77548', 'Różana', '55', true);
INSERT INTO ADDRESS (USER_ID, COUNTRY, PROVINCE, LOCATION, ZIP_CODE, STREET, APARTMENT_NUMBER, DELIVERY_ADDRESS) VALUES (8, 'Polska', 'Pomorskie', 'Słupsk', '24281', 'Kujawska', '74', true);
INSERT INTO ADDRESS (USER_ID, COUNTRY, PROVINCE, LOCATION, ZIP_CODE, STREET, APARTMENT_NUMBER, DELIVERY_ADDRESS) VALUES (9, 'Polska', 'Świętokrzyskie', 'Gdańsk', '16358', 'Miodowa', '8', true);
INSERT INTO ADDRESS (USER_ID, COUNTRY, PROVINCE, LOCATION, ZIP_CODE, STREET, APARTMENT_NUMBER, DELIVERY_ADDRESS) VALUES (10, 'Polska', 'Lubelskie', 'Żory', '87940', 'Szkolna', '41', true);
INSERT INTO ADDRESS (USER_ID, COUNTRY, PROVINCE, LOCATION, ZIP_CODE, STREET, APARTMENT_NUMBER, DELIVERY_ADDRESS) VALUES (11, 'Polska', 'Śląskie', 'Bydgoszcz', '09192', 'Robotnicza', '85', true);
INSERT INTO ADDRESS (USER_ID, COUNTRY, PROVINCE, LOCATION, ZIP_CODE, STREET, APARTMENT_NUMBER, DELIVERY_ADDRESS) VALUES (12, 'Polska', 'Lubelskie', 'Olsztyn', '09192', 'Stolarska', '81', true);
INSERT INTO ADDRESS (USER_ID, COUNTRY, PROVINCE, LOCATION, ZIP_CODE, STREET, APARTMENT_NUMBER, DELIVERY_ADDRESS) VALUES (13, 'Polska', 'Śląskie', 'Szczecin', '76991', 'Różana', '4', true);
INSERT INTO ADDRESS (USER_ID, COUNTRY, PROVINCE, LOCATION, ZIP_CODE, STREET, APARTMENT_NUMBER, DELIVERY_ADDRESS) VALUES (14, 'Polska', 'Pomorskie', 'Ostrołęka', '77548', 'Kujawska', '59', true);
INSERT INTO ADDRESS (USER_ID, COUNTRY, PROVINCE, LOCATION, ZIP_CODE, STREET, APARTMENT_NUMBER, DELIVERY_ADDRESS) VALUES (15, 'Polska', 'Świętokrzyskie', 'Słupsk', '24281', 'Miodowa', '69', true);
INSERT INTO ADDRESS (USER_ID, COUNTRY, PROVINCE, LOCATION, ZIP_CODE, STREET, APARTMENT_NUMBER, DELIVERY_ADDRESS) VALUES (16, 'Polska', 'Lubelskie', 'Gdańsk', '16358', 'Szkolna', '59', true);
INSERT INTO ADDRESS (USER_ID, COUNTRY, PROVINCE, LOCATION, ZIP_CODE, STREET, APARTMENT_NUMBER, DELIVERY_ADDRESS) VALUES (17, 'Polska', 'Śląskie', 'Żory', '87940', 'Robotnicza', '86', true);
INSERT INTO ADDRESS (USER_ID, COUNTRY, PROVINCE, LOCATION, ZIP_CODE, STREET, APARTMENT_NUMBER, DELIVERY_ADDRESS) VALUES (18, 'Polska', 'Lubelskie', 'Bydgoszcz', '09192', 'Stolarska', '93', true);
INSERT INTO ADDRESS (USER_ID, COUNTRY, PROVINCE, LOCATION, ZIP_CODE, STREET, APARTMENT_NUMBER, DELIVERY_ADDRESS) VALUES (19, 'Polska', 'Śląskie', 'Olsztyn', '09192', 'Różana', '6', true);
INSERT INTO ADDRESS (USER_ID, COUNTRY, PROVINCE, LOCATION, ZIP_CODE, STREET, APARTMENT_NUMBER, DELIVERY_ADDRESS) VALUES (20, 'Polska', 'Pomorskie', 'Szczecin', '76991', 'Kujawska', '47', true);
INSERT INTO ADDRESS (USER_ID, COUNTRY, PROVINCE, LOCATION, ZIP_CODE, STREET, APARTMENT_NUMBER, DELIVERY_ADDRESS) VALUES (21, 'Polska', 'Świętokrzyskie', 'Jędrzejów', '28300', 'Prosta', '13', true);

# CATEGORY
INSERT INTO CATEGORY (ID, NAME, PARENT_ID) VALUES (1, 'Elektronika', NULL);                  # 1 ST
INSERT INTO CATEGORY (ID, NAME, PARENT_ID) VALUES (2, 'Moda', NULL);
INSERT INTO CATEGORY (ID, NAME, PARENT_ID) VALUES (3, 'Uroda', NULL);
INSERT INTO CATEGORY (ID, NAME, PARENT_ID) VALUES (4, 'Sport', NULL);
INSERT INTO CATEGORY (ID, NAME, PARENT_ID) VALUES (5, 'Motoryzacja', NULL);
INSERT INTO CATEGORY (ID, NAME, PARENT_ID) VALUES (6, 'Fotografia', 1);                   # 2 ST
INSERT INTO CATEGORY (ID, NAME, PARENT_ID) VALUES (7, 'Komputery', 1);
INSERT INTO CATEGORY (ID, NAME, PARENT_ID) VALUES (8, 'Konsole i automaty', 1);
INSERT INTO CATEGORY (ID, NAME, PARENT_ID) VALUES (9, 'On', 2);
INSERT INTO CATEGORY (ID, NAME, PARENT_ID) VALUES (10, 'Ona', 2);
INSERT INTO CATEGORY (ID, NAME, PARENT_ID) VALUES (11, 'Dziecko', 2);
INSERT INTO CATEGORY (ID, NAME, PARENT_ID) VALUES (12, 'Pielęgnacja', 3);
INSERT INTO CATEGORY (ID, NAME, PARENT_ID) VALUES (13, 'Makijaż', 3);
INSERT INTO CATEGORY (ID, NAME, PARENT_ID) VALUES (14, 'Perfumy', 3);
INSERT INTO CATEGORY (ID, NAME, PARENT_ID) VALUES (15, 'Rowery i akcesoria', 4);
INSERT INTO CATEGORY (ID, NAME, PARENT_ID) VALUES (16, 'Tenis ziemny', 4);
INSERT INTO CATEGORY (ID, NAME, PARENT_ID) VALUES (17, 'Bieganie', 4);
INSERT INTO CATEGORY (ID, NAME, PARENT_ID) VALUES (18, 'Części samochodowe', 5);
INSERT INTO CATEGORY (ID, NAME, PARENT_ID) VALUES (19, 'Akcesoria samochodowe', 5);
INSERT INTO CATEGORY (ID, NAME, PARENT_ID) VALUES (20, 'Opony i felgi', 5);
INSERT INTO CATEGORY (ID, NAME, PARENT_ID) VALUES (21, 'Akcesoria fotograficzne', 6);     # 3 ST
INSERT INTO CATEGORY (ID, NAME, PARENT_ID) VALUES (22, 'Aparaty analogowe', 6);
INSERT INTO CATEGORY (ID, NAME, PARENT_ID) VALUES (23, 'Aparaty cyfrowe', 6);
INSERT INTO CATEGORY (ID, NAME, PARENT_ID) VALUES (24, 'Komputery stacjonarne', 7);
INSERT INTO CATEGORY (ID, NAME, PARENT_ID) VALUES (25, 'Laptopy', 7);
INSERT INTO CATEGORY (ID, NAME, PARENT_ID) VALUES (26, 'Akcesoria komputerowe', 7);
INSERT INTO CATEGORY (ID, NAME, PARENT_ID) VALUES (27, 'Konsole Ps', 8);
INSERT INTO CATEGORY (ID, NAME, PARENT_ID) VALUES (28, 'Konsole Xbx', 8);
INSERT INTO CATEGORY (ID, NAME, PARENT_ID) VALUES (29, 'Automaty do gier', 8);
INSERT INTO CATEGORY (ID, NAME, PARENT_ID) VALUES (30, 'Odzież męska', 9);
INSERT INTO CATEGORY (ID, NAME, PARENT_ID) VALUES (31, 'Obuwie męskie', 9);
INSERT INTO CATEGORY (ID, NAME, PARENT_ID) VALUES (32, 'Kurtki', 9);
INSERT INTO CATEGORY (ID, NAME, PARENT_ID) VALUES (33, 'Odzież damska', 10);
INSERT INTO CATEGORY (ID, NAME, PARENT_ID) VALUES (34, 'Obuwie damskie', 10);
INSERT INTO CATEGORY (ID, NAME, PARENT_ID) VALUES (35, 'Sukienki', 10);
INSERT INTO CATEGORY (ID, NAME, PARENT_ID) VALUES (36, 'Odzież dziecięca', 11);
INSERT INTO CATEGORY (ID, NAME, PARENT_ID) VALUES (37, 'Buty dziecięce', 11);
INSERT INTO CATEGORY (ID, NAME, PARENT_ID) VALUES (38, 'Bielizna dziecięca', 11);
INSERT INTO CATEGORY (ID, NAME, PARENT_ID) VALUES (39, 'Krem do twarzy', 12);
INSERT INTO CATEGORY (ID, NAME, PARENT_ID) VALUES (40, 'Maseczki do twarzy', 12);
INSERT INTO CATEGORY (ID, NAME, PARENT_ID) VALUES (41, 'Szampony', 12);
INSERT INTO CATEGORY (ID, NAME, PARENT_ID) VALUES (42, 'Makijaż oczu', 13);
INSERT INTO CATEGORY (ID, NAME, PARENT_ID) VALUES (43, 'Makijaż twarzy', 13);
INSERT INTO CATEGORY (ID, NAME, PARENT_ID) VALUES (44, 'Makijaż ust', 13);
INSERT INTO CATEGORY (ID, NAME, PARENT_ID) VALUES (45, 'Zapach dla kobiet', 14);
INSERT INTO CATEGORY (ID, NAME, PARENT_ID) VALUES (46, 'Zapach dla mężczyzn', 14);
INSERT INTO CATEGORY (ID, NAME, PARENT_ID) VALUES (47, 'Testery', 14);
INSERT INTO CATEGORY (ID, NAME, PARENT_ID) VALUES (48, 'Rowery', 15);
INSERT INTO CATEGORY (ID, NAME, PARENT_ID) VALUES (49, 'Kaski', 15);
INSERT INTO CATEGORY (ID, NAME, PARENT_ID) VALUES (50, 'Części rowerowe', 15);
INSERT INTO CATEGORY (ID, NAME, PARENT_ID) VALUES (51, 'Rakiety', 16);
INSERT INTO CATEGORY (ID, NAME, PARENT_ID) VALUES (52, 'Piłki tenisowe', 16);
INSERT INTO CATEGORY (ID, NAME, PARENT_ID) VALUES (53, 'Owijki tenisowe', 16);
INSERT INTO CATEGORY (ID, NAME, PARENT_ID) VALUES (54, 'Obuwie do biegania', 17);
INSERT INTO CATEGORY (ID, NAME, PARENT_ID) VALUES (55, 'Bidony', 17);
INSERT INTO CATEGORY (ID, NAME, PARENT_ID) VALUES (56, 'Plecaki do biegania', 17);
INSERT INTO CATEGORY (ID, NAME, PARENT_ID) VALUES (57, 'Części karoserii', 18);
INSERT INTO CATEGORY (ID, NAME, PARENT_ID) VALUES (58, 'Oświetlenie i reflektory', 18);
INSERT INTO CATEGORY (ID, NAME, PARENT_ID) VALUES (59, 'Silniki i osprzęt', 18);
INSERT INTO CATEGORY (ID, NAME, PARENT_ID) VALUES (60, 'Bagażniki', 19);
INSERT INTO CATEGORY (ID, NAME, PARENT_ID) VALUES (61, 'Dywaniki', 19);
INSERT INTO CATEGORY (ID, NAME, PARENT_ID) VALUES (62, 'Elektronika samochodowa', 19);
INSERT INTO CATEGORY (ID, NAME, PARENT_ID) VALUES (63, 'Opony samochodowe', 20);
INSERT INTO CATEGORY (ID, NAME, PARENT_ID) VALUES (64, 'Koła (felgi z oponami)', 20);
INSERT INTO CATEGORY (ID, NAME, PARENT_ID) VALUES (65, 'Felgi aluminiowe i stalowe', 20);

# PRODUCT OFFER
INSERT INTO PRODUCT (ID, NAME, PRICE, MODEL, BRAND, DESCRIPTION) VALUES (1, 'Album na zdjęcja VT 0MT5403', 43.99, 'VT 0MT5403', 'Sunny Real Estate', 'Przedmiotem aukcji są stylowe albumy kieszeniowe na 300 zdjęć, wykonany z materiału o wysokiej jakości. Album jest orginalny, a okładka dostępna jest w kilku wzorach. Zdjęcia są wsuwane w kieszonki od strony wewnętrznej.');
INSERT INTO PRODUCT (ID, NAME, PRICE, MODEL, BRAND, DESCRIPTION) VALUES (2, 'Drukarka zdjęć portable', 448.66, 'MD 2NY1202', 'Bennett Brothers', 'Nulla eget lectus nec dui. Morbi accumsan congue, lacus sagittis vel, luctus et magnis dis parturient montes, nascetur ridiculus mus.');
INSERT INTO PRODUCT (ID, NAME, PRICE, MODEL, BRAND, DESCRIPTION) VALUES (3, 'Pudełko na zdjęcia', 49.09, 'IL 6PA2960', 'Rogers Food Stores', 'Maecenas rhoncus. Praesent feugiat. Donec est. Ut lobortis mauris viverra est et fringilla ligula placerat ornare nulla a blandit a');
INSERT INTO PRODUCT (ID, NAME, PRICE, MODEL, BRAND, DESCRIPTION) VALUES (4, 'Aparat analogowy WV 2GA5143', 2334.75, 'WV 2GA5143', 'World of Fun', 'Mauris fringilla vel, viverra nonummy, erat. Aenean ac arcu. Nam enim. Aliquam ultricies neque vitae orci. Nunc ut metus. Morbi.');
INSERT INTO PRODUCT (ID, NAME, PRICE, MODEL, BRAND, DESCRIPTION) VALUES (5, 'Aparat MT 5CA9754', 1614.73, 'MT 5CA9754', 'Argus Tapes & Records', 'Nulla eget lectus nec dui. Morbi accumsan congue, lacus sagittis vel, luctus et magnis dis parturient montes, nascetur ridiculus mus.');
INSERT INTO PRODUCT (ID, NAME, PRICE, MODEL, BRAND, DESCRIPTION) VALUES (6, 'Aparat analogowy NY 1CA0014', 2506.07, 'NY 1CA0014', 'Castle Realty', 'Fusce nisl a venenatis risus. Nunc felis. Morbi eleifend eget, dictum ut, ligula. Nulla gravida at, consequat mollis luctus. Aenean.');
INSERT INTO PRODUCT (ID, NAME, PRICE, MODEL, BRAND, DESCRIPTION) VALUES (7, 'Aparat cyfrowy PA 1WA7109', 986.39, 'PA 1WA7109', 'Pro-Care', 'Mauris fringilla vel, viverra nonummy, erat. Aenean ac arcu. Nam enim. Aliquam ultricies neque vitae orci. Nunc ut metus. Morbi.');
INSERT INTO PRODUCT (ID, NAME, PRICE, MODEL, BRAND, DESCRIPTION) VALUES (8, 'Aparat GA 3NY0707', 769.18, 'GA 3NY0707', 'Yardbirds Home', 'In viverra semper risus. Sed nec dui. Sed posuere cubilia Curae, Phasellus vestibulum. Nunc volutpat aliquam ac, molestie ultricies porta.');
INSERT INTO PRODUCT (ID, NAME, PRICE, MODEL, BRAND, DESCRIPTION) VALUES (9, 'Aparat cyfrowy CA 9MO4107', 853.32, 'CA 9MO4107', 'The Original House', 'Fusce nisl a venenatis risus. Nunc felis. Morbi eleifend eget, dictum ut, ligula. Nulla gravida at, consequat mollis luctus. Aenean.');
INSERT INTO PRODUCT (ID, NAME, PRICE, MODEL, BRAND, DESCRIPTION) VALUES (10, 'Komputer stacjonarny Gamer', 5743.9, 'CA 9TX0017', 'Datacorp', 'Quisque eu tortor et purus fringilla tempus ac, rhoncus aliquam eget, congue sodales nulla. Morbi sem tincidunt in, purus. Class.');
INSERT INTO PRODUCT (ID, NAME, PRICE, MODEL, BRAND, DESCRIPTION) VALUES (11, 'Komputer WA 9MI8161', 3485.54, 'WA 9MI8161', 'Shoe Kicks', 'In viverra semper risus. Sed nec dui. Sed posuere cubilia Curae, Phasellus vestibulum. Nunc volutpat aliquam ac, molestie ultricies porta.');
INSERT INTO PRODUCT (ID, NAME, PRICE, MODEL, BRAND, DESCRIPTION) VALUES (12, 'Komputer stacjonarny Maurice', 1203.31, 'NY 1MO0016', 'Maurice', 'Praesent volutpat eu, vulputate vehicula. Integer sodales dui aliquam tempor lorem. Vivamus urna elit, gravida ullamcorper et, feugiat dui, eu.');
INSERT INTO PRODUCT (ID, NAME, PRICE, MODEL, BRAND, DESCRIPTION) VALUES (13, 'Notebook przenośny MO 6PA5804', 2386.39, 'MO 6PA5804', 'Jack Lang', 'Quisque eu tortor et purus fringilla tempus ac, rhoncus aliquam eget, congue sodales nulla. Morbi sem tincidunt in, purus. Class.');
INSERT INTO PRODUCT (ID, NAME, PRICE, MODEL, BRAND, DESCRIPTION) VALUES (14, 'Laptop ABCO TX', 1102.87, 'TX 7TX5783', 'ABCO', 'Praesent quis augue. Lorem ipsum primis in neque vel nonummy nisl felis blandit ultrices posuere vitae, pellentesque erat sit amet.');
INSERT INTO PRODUCT (ID, NAME, PRICE, MODEL, BRAND, DESCRIPTION) VALUES (15, 'Laptop Briazz', 2172.72, 'MI 4MD8015', 'Briazz', 'Praesent volutpat eu, vulputate vehicula. Integer sodales dui aliquam tempor lorem. Vivamus urna elit, gravida ullamcorper et, feugiat dui, eu.');
INSERT INTO PRODUCT (ID, NAME, PRICE, MODEL, BRAND, DESCRIPTION) VALUES (16, 'Fotel Gamingowy obrotowy', 687.8, 'MO 6GA3043', 'H.C. Bohack', 'Quisque at ante. Quisque fermentum tortor. In urna. Phasellus sagittis eu, fringilla ligula ut tellus hendrerit et, felis. Morbi facilisis.');
INSERT INTO PRODUCT (ID, NAME, PRICE, MODEL, BRAND, DESCRIPTION) VALUES (17, 'Adapter konwerter z HDMI do VGA', 46.79, 'PA 1CA9108', 'The Record Shops', 'Praesent quis augue. Lorem ipsum primis in neque vel nonummy nisl felis blandit ultrices posuere vitae, pellentesque erat sit amet.');
INSERT INTO PRODUCT (ID, NAME, PRICE, MODEL, BRAND, DESCRIPTION) VALUES (18, 'Kamerka internetowa TX 7NJ7478', 153.79, 'TX 7NJ7478', 'Quest Technology', 'Class aptent taciti sociosqu ad litora torquent per inceptos hymenaeos. Sed pellentesque facilisis. Nulla posuere. Quisque consectetuer adipiscing quam et.');
INSERT INTO PRODUCT (ID, NAME, PRICE, MODEL, BRAND, DESCRIPTION) VALUES (19, 'Konsola do gier Ps MD 2CA1076', 1018.82, 'MD 2CA1076', 'National Lumber', 'Quisque at ante. Quisque fermentum tortor. In urna. Phasellus sagittis eu, fringilla ligula ut tellus hendrerit et, felis. Morbi facilisis.');
INSERT INTO PRODUCT (ID, NAME, PRICE, MODEL, BRAND, DESCRIPTION) VALUES (20, 'Konsola Ps GA 3MO0303', 2062.51, 'GA 3MO0303', 'Future Bright', 'Sed mauris ac posuere tristique eget, aliquam euismod orci luctus scelerisque. Proin sem quam, lobortis fringilla, massa. Vestibulum ante ipsum.');
INSERT INTO PRODUCT (ID, NAME, PRICE, MODEL, BRAND, DESCRIPTION) VALUES (21, 'Konsola do gier Ps CA 9OR0017', 1246.35, 'CA 9OR0017', 'Magik Gray', 'Class aptent taciti sociosqu ad litora torquent per inceptos hymenaeos. Sed pellentesque facilisis. Nulla posuere. Quisque consectetuer adipiscing quam et.');
INSERT INTO PRODUCT (ID, NAME, PRICE, MODEL, BRAND, DESCRIPTION) VALUES (22, 'Konsola do gier xbx NJ 0TX7071', 390.37, 'NJ 0TX7071', 'Whitlocks Auto', 'Maecenas viverra consectetuer. Sed diam sit amet, consectetuer lacus. Nulla lobortis facilisis. In fermentum. Aliquam nec eros. Mauris metus. Maecenas.');
INSERT INTO PRODUCT (ID, NAME, PRICE, MODEL, BRAND, DESCRIPTION) VALUES (23, 'Konsola xbx CA 9MI5204', 2597.67, 'CA 9MI5204', 'Environ Architectural Design', 'Sed mauris ac posuere tristique eget, aliquam euismod orci luctus scelerisque. Proin sem quam, lobortis fringilla, massa. Vestibulum ante ipsum.');
INSERT INTO PRODUCT (ID, NAME, PRICE, MODEL, BRAND, DESCRIPTION) VALUES (24, 'Konsola do gier xbx MO 6AR5237', 2174.34, 'MO 6AR5237', 'Waccamaw Pottery', 'Morbi mattis adipiscing. Nam nec lorem vitae fringilla odio. Vestibulum tempus. In euismod. Ut fermentum tortor. Nulla facilisi. Phasellus sem.');
INSERT INTO PRODUCT (ID, NAME, PRICE, MODEL, BRAND, DESCRIPTION) VALUES (25, 'Automat nin OR 9NE7205', 733.37, 'OR 9NE7205', 'Sandys', 'Maecenas viverra consectetuer. Sed diam sit amet, consectetuer lacus. Nulla lobortis facilisis. In fermentum. Aliquam nec eros. Mauris metus. Maecenas.');
INSERT INTO PRODUCT (ID, NAME, PRICE, MODEL, BRAND, DESCRIPTION) VALUES (26, 'Konsola nin TX 7GA8758', 1895.13, 'TX 7GA8758', 'Britling Cafeterias', 'Nunc vitae augue. Nam tempor elit tincidunt fermentum. Aliquam semper. Sed nibh porta ac, accumsan sit amet, nibh. Duis luctus.');
INSERT INTO PRODUCT (ID, NAME, PRICE, MODEL, BRAND, DESCRIPTION) VALUES (27, 'Gb adw micro', 1212.25, 'MI 4IN9349', 'Standard Food', 'Morbi mattis adipiscing. Nam nec lorem vitae fringilla odio. Vestibulum tempus. In euismod. Ut fermentum tortor. Nulla facilisi. Phasellus sem.');
INSERT INTO PRODUCT (ID, NAME, PRICE, MODEL, BRAND, DESCRIPTION) VALUES (28, 'Spodenki męskie czarne', 56.4, 'AR 7PA2051', 'Bettendorfs', 'Suspendisse at lorem velit vitae convallis viverra, egestas vulputate, odio a nunc. Vivamus sit amet nunc felis, malesuada elit ultricies.');
INSERT INTO PRODUCT (ID, NAME, PRICE, MODEL, BRAND, DESCRIPTION) VALUES (29, 'Skarpetki męskie NE 6GA8128', 40.21, 'NE 6GA8128', 'Funtown toys', 'Nunc vitae augue. Nam tempor elit tincidunt fermentum. Aliquam semper. Sed nibh porta ac, accumsan sit amet, nibh. Duis luctus.');
INSERT INTO PRODUCT (ID, NAME, PRICE, MODEL, BRAND, DESCRIPTION) VALUES (30, 'Spodenki męskie czerwone', 111.38, 'GA 3AL0136', 'Laura Ashley Mother', 'Cras eu justo. Praesent nunc. Vivamus semper leo. Integer adipiscing urna. Cras volutpat odio condimentum justo ac lacus. Nunc volutpat.');
INSERT INTO PRODUCT (ID, NAME, PRICE, MODEL, BRAND, DESCRIPTION) VALUES (31, 'Buty męskie IN 4GA6204', 179.58, 'IN 4GA6204', 'Omni Tech', 'Suspendisse at lorem velit vitae convallis viverra, egestas vulputate, odio a nunc. Vivamus sit amet nunc felis, malesuada elit ultricies.');
INSERT INTO PRODUCT (ID, NAME, PRICE, MODEL, BRAND, DESCRIPTION) VALUES (32, 'Zimowe buty Soul', 251.56, 'PA 1553MT0', 'Sounds of Soul', 'Etiam at quam molestie egestas, dapibus tellus. Donec non adipiscing elit. Vestibulum tempus erat volutpat. Nullam volutpat, velit adipiscing arcu.');
INSERT INTO PRODUCT (ID, NAME, PRICE, MODEL, BRAND, DESCRIPTION) VALUES (33, 'Buty męskie Star', 417.49, 'GA 3120NY1', 'Official All Star', 'Cras eu justo. Praesent nunc. Vivamus semper leo. Integer adipiscing urna. Cras volutpat odio condimentum justo ac lacus. Nunc volutpat.');
INSERT INTO PRODUCT (ID, NAME, PRICE, MODEL, BRAND, DESCRIPTION) VALUES (34, 'Kurtka puchowa Thunder', 342.46, 'AL 3520PA3', 'Rolling Thunder', 'Cras id nulla pulvinar ligula, nonummy faucibus orci luctus congue, sem luctus augue varius risus in faucibus ligula. Nulla porta.');
INSERT INTO PRODUCT (ID, NAME, PRICE, MODEL, BRAND, DESCRIPTION) VALUES (35, 'Kurtka letnia Baron', 419.14, 'GA 3170GA7', 'Red Baron Electronics', 'Etiam at quam molestie egestas, dapibus tellus. Donec non adipiscing elit. Vestibulum tempus erat volutpat. Nullam volutpat, velit adipiscing arcu.');
INSERT INTO PRODUCT (ID, NAME, PRICE, MODEL, BRAND, DESCRIPTION) VALUES (36, 'Płaszcz męski Magna', 624.65, 'GA 3033CA7', 'Magna Gases', 'Nam pulvinar, pede quis ante. Proin erat volutpat. Nullam wisi vel urna ante, tincidunt leo eu pede porta tincidunt. Nullam.');
INSERT INTO PRODUCT (ID, NAME, PRICE, MODEL, BRAND, DESCRIPTION) VALUES (37, 'Skarpety damskie Record', 63.69, 'CA 9080CA5', 'Record Bar', 'Cras id nulla pulvinar ligula, nonummy faucibus orci luctus congue, sem luctus augue varius risus in faucibus ligula. Nulla porta.');
INSERT INTO PRODUCT (ID, NAME, PRICE, MODEL, BRAND, DESCRIPTION) VALUES (38, 'Koszulka damska T-shirt M', 45.48, 'NY 1484WA5', 'Custom Sound', 'Integer sit amet, consectetuer adipiscing elit. Cum sociis natoque penatibus et magnis dis parturient montes, nascetur ridiculus mus. Integer a.');
INSERT INTO PRODUCT (ID, NAME, PRICE, MODEL, BRAND, DESCRIPTION) VALUES (39, 'Bluza z kapturem S', 217.97, 'CA 9461NY2', 'Twin Electronics', 'Nam pulvinar, pede quis ante. Proin erat volutpat. Nullam wisi vel urna ante, tincidunt leo eu pede porta tincidunt. Nullam.');
INSERT INTO PRODUCT (ID, NAME, PRICE, MODEL, BRAND, DESCRIPTION) VALUES (40, 'Japonki damskie Hill', 187.7, 'IA 5124MO0', 'Hill-Behan', 'Fusce vitae odio id tortor. Cras turpis eget risus. Phasellus libero quis diam. Phasellus purus. Maecenas at ligula. Duis eu.');
INSERT INTO PRODUCT (ID, NAME, PRICE, MODEL, BRAND, DESCRIPTION) VALUES (41, 'Kozaki damskie Kiddie', 125.01, 'SC 2942TX0', 'Kiddie City', 'Integer sit amet, consectetuer adipiscing elit. Cum sociis natoque penatibus et magnis dis parturient montes, nascetur ridiculus mus. Integer a.');
INSERT INTO PRODUCT (ID, NAME, PRICE, MODEL, BRAND, DESCRIPTION) VALUES (42, 'Trampki Stratagee', 380.56, 'TX 7630MI1', 'Stratagee', 'Vivamus sed laoreet hendrerit wisi. Curabitur commodo. Curabitur sed felis. Pellentesque ac nisl. Vestibulum laoreet, nulla ut lobortis sem. Suspendisse.');
INSERT INTO PRODUCT (ID, NAME, PRICE, MODEL, BRAND, DESCRIPTION) VALUES (43, 'Bawełniana sukienka 36', 489.92, 'MS 3950MO1', 'CompuAdd', 'Fusce vitae odio id tortor. Cras turpis eget risus. Phasellus libero quis diam. Phasellus purus. Maecenas at ligula. Duis eu.');
INSERT INTO PRODUCT (ID, NAME, PRICE, MODEL, BRAND, DESCRIPTION) VALUES (44, 'Pomarańczowa Sukienka 42', 264.09, 'ME 0473PA0', 'STM Auto Parts', 'Curae, Phasellus dapibus sit amet purus consectetuer adipiscing ligula. Nulla facilisi. Phasellus in faucibus lectus vel ligula non risus. Sed.');
INSERT INTO PRODUCT (ID, NAME, PRICE, MODEL, BRAND, DESCRIPTION) VALUES (45, 'Elegancka Sukienka M Grey', 263.85, 'VT 0540TX3', 'Formula Grey', 'Vivamus sed laoreet hendrerit wisi. Curabitur commodo. Curabitur sed felis. Pellentesque ac nisl. Vestibulum laoreet, nulla ut lobortis sem. Suspendisse.');
INSERT INTO PRODUCT (ID, NAME, PRICE, MODEL, BRAND, DESCRIPTION) VALUES (46, 'Czapka dziecięca 46-50cm', 59.99, 'MA 3A50MA1', 'Parts', 'Cras eu justo. Praesent nunc. Vivamus semper leo. Integer adipiscing urna. Cras volutpat odio condimentum justo ac lacus. Nunc volutpat.');
INSERT INTO PRODUCT (ID, NAME, PRICE, MODEL, BRAND, DESCRIPTION) VALUES (47, 'Rękawiczki zimowe dla dziecka 18', 40.50, 'MS 3S50MS1', 'Thunder', 'Fusce vitae odio id tortor. Cras turpis eget risus. Phasellus libero quis diam. Phasellus purus. Maecenas at ligula. Duis eu.');
INSERT INTO PRODUCT (ID, NAME, PRICE, MODEL, BRAND, DESCRIPTION) VALUES (48, 'Koszulka t-shirt dziecięca S', 30.99, 'IIS I950IO1', 'Formula', 'Integer sit amet, consectetuer adipiscing elit. Cum sociis natoque penatibus et magnis dis parturient montes, nascetur ridiculus mus.');
INSERT INTO PRODUCT (ID, NAME, PRICE, MODEL, BRAND, DESCRIPTION) VALUES (49, 'Zimowe buty dziecięce', 80.00, 'MK 3K50MK1', 'Sandy', 'Fusce vitae odio id tortor. Cras turpis eget risus. Phasellus libero quis diam. Phasellus purus. Maecenas at ligula. Duis eu.');
INSERT INTO PRODUCT (ID, NAME, PRICE, MODEL, BRAND, DESCRIPTION) VALUES (50, 'Trampki dla młodego chłopca', 60.50, 'SS AS50MS1', 'Environ', 'Integer sit amet, consectetuer adipiscing elit. Cum sociis natoque penatibus et magnis dis parturient montes, nascetur ridiculus mus.');
INSERT INTO PRODUCT (ID, NAME, PRICE, MODEL, BRAND, DESCRIPTION) VALUES (51, 'Kozaki dziecięce', 93.50, 'MS SS50MS1', 'Design', 'Cras eu justo. Praesent nunc. Vivamus semper leo. Integer adipiscing urna. Cras volutpat odio condimentum justo ac lacus. Nunc volutpat.');
INSERT INTO PRODUCT (ID, NAME, PRICE, MODEL, BRAND, DESCRIPTION) VALUES (52, 'Podkoszulek dla chłopca S', 40.99, 'MS IS50MS1', 'Britling', 'Fusce vitae odio id tortor. Cras turpis eget risus. Phasellus libero quis diam. Phasellus purus. Maecenas at ligula. Duis eu.');
INSERT INTO PRODUCT (ID, NAME, PRICE, MODEL, BRAND, DESCRIPTION) VALUES (53, 'Kalesony dziecięce', 30.00, 'AO 3O50MO1', 'STM', 'Integer sit amet, consectetuer adipiscing elit. Cum sociis natoque penatibus et magnis dis parturient montes, nascetur ridiculus mus.');
INSERT INTO PRODUCT (ID, NAME, PRICE, MODEL, BRAND, DESCRIPTION) VALUES (54, 'Skarpetki dzieciece dla dziewczynki', 20, 'MS 350MO', 'Auto', 'Cras eu justo. Praesent nunc. Vivamus semper leo. Integer adipiscing urna. Cras volutpat odio condimentum justo ac lacus. Nunc volutpat.');
INSERT INTO PRODUCT (ID, NAME, PRICE, MODEL, BRAND, DESCRIPTION) VALUES (55, 'Rozświetlający krem do twarzy ', 74, 'MD 2120MD2', 'Crazy Eddie', 'In et erat volutpat. Nullam fermentum ultrices tortor id elementum eleifend, ligula. Nam eget orci sit amet, accumsan sit amet.');
INSERT INTO PRODUCT (ID, NAME, PRICE, MODEL, BRAND, DESCRIPTION) VALUES (56, 'Krem nawilżający do twarzy', 83.89, 'IL 6296GA0', 'Sunny Real Estate', 'Curae, Phasellus dapibus sit amet purus consectetuer adipiscing ligula. Nulla facilisi. Phasellus in faucibus lectus vel ligula non risus. Sed.');
INSERT INTO PRODUCT (ID, NAME, PRICE, MODEL, BRAND, DESCRIPTION) VALUES (57, 'Krem na noc Bennett', 70.4, 'WV 2514CA3', 'Bennett Brothers', 'Cras magna sapien, nec eros. Phasellus sit amet quam ultrices mi. Fusce enim. Pellentesque aliquam dictum accumsan. In sodales in.');
INSERT INTO PRODUCT (ID, NAME, PRICE, MODEL, BRAND, DESCRIPTION) VALUES (58, 'Maseczka hydralatowa Aloes 15 ml', 31.58, 'MT 5975NJ4', 'Rogers Food Stores', 'In et erat volutpat. Nullam fermentum ultrices tortor id elementum eleifend, ligula. Nam eget orci sit amet, accumsan sit amet.');
INSERT INTO PRODUCT (ID, NAME, PRICE, MODEL, BRAND, DESCRIPTION) VALUES (59, 'Maseczka nawilżająca 125ml', 56.42, 'NY 1001CA4', 'World of Fun', 'Ut eu justo. Phasellus ultrices, dui eu euismod non, dictum lectus non nunc iaculis suscipit. Suspendisse fringilla et, tincidunt vel.');
INSERT INTO PRODUCT (ID, NAME, PRICE, MODEL, BRAND, DESCRIPTION) VALUES (60, 'Maska intensywnie nawilżająca', 70.3, 'PA 1710MO9', 'Argus Tapes & Records', 'Cras magna sapien, nec eros. Phasellus sit amet quam ultrices mi. Fusce enim. Pellentesque aliquam dictum accumsan. In sodales in.');
INSERT INTO PRODUCT (ID, NAME, PRICE, MODEL, BRAND, DESCRIPTION) VALUES (61, 'Szampon do włosów blond 100ml', 47.51, 'GA 3070OR7', 'Castle Realty', 'Ut molestie, neque. Donec enim dolor ut orci dui, porta dolor in faucibus quis, dictum eu, nisl. Cras aliquet. Donec.');
INSERT INTO PRODUCT (ID, NAME, PRICE, MODEL, BRAND, DESCRIPTION) VALUES (62, 'Szampon Maska Repair XXL', 90.59, 'CA 9410TX7', 'Pro-Care', 'Ut eu justo. Phasellus ultrices, dui eu euismod non, dictum lectus non nunc iaculis suscipit. Suspendisse fringilla et, tincidunt vel.');
INSERT INTO PRODUCT (ID, NAME, PRICE, MODEL, BRAND, DESCRIPTION) VALUES (63, 'Szampon enzymatyczny', 67.97, 'CA 9001MI7', 'Yardbirds Home', 'Ut sodales felis, eleifend congue. Donec elementum diam mauris, rutrum et, accumsan vitae, faucibus augue. Suspendisse lectus lectus, luctus eu.');
INSERT INTO PRODUCT (ID, NAME, PRICE, MODEL, BRAND, DESCRIPTION) VALUES (64, 'Kredka rozświetlająca', 31.67, 'WA 9816AR1', 'The Original House', 'Ut molestie, neque. Donec enim dolor ut orci dui, porta dolor in faucibus quis, dictum eu, nisl. Cras aliquet. Donec.');
INSERT INTO PRODUCT (ID, NAME, PRICE, MODEL, BRAND, DESCRIPTION) VALUES (65, 'Paletka cieni do oczu', 78.59, 'NY 1001NE6', 'Datacorp', 'Praesent tincidunt vehicula, enim sed lacus. Duis vehicula tortor et malesuada congue. Donec magna ut arcu. Sed quam ut turpis.');
INSERT INTO PRODUCT (ID, NAME, PRICE, MODEL, BRAND, DESCRIPTION) VALUES (66, 'Kredka efekt powiększonych oczu', 19.22, 'MO 6580GA4', 'Shoe Kicks', 'Ut sodales felis, eleifend congue. Donec elementum diam mauris, rutrum et, accumsan vitae, faucibus augue. Suspendisse lectus lectus, luctus eu.');
INSERT INTO PRODUCT (ID, NAME, PRICE, MODEL, BRAND, DESCRIPTION) VALUES (67, 'Korektor do twarzy Medium', 39.03, 'TX 7578IN3', 'Maurice', 'Nullam euismod, quam leo, cursus pulvinar mollis, turpis vulputate vitae, nunc. Ut id quam. Aliquam luctus et ultrices tincidunt, orci.');
INSERT INTO PRODUCT (ID, NAME, PRICE, MODEL, BRAND, DESCRIPTION) VALUES (68, 'Rozświetlacz do twarzy 2.7g', 78.06, 'MI 4801PA5', 'Jack Lang', 'Praesent tincidunt vehicula, enim sed lacus. Duis vehicula tortor et malesuada congue. Donec magna ut arcu. Sed quam ut turpis.');
INSERT INTO PRODUCT (ID, NAME, PRICE, MODEL, BRAND, DESCRIPTION) VALUES (69, 'Aloesowy żel do twarzy i policzków', 29.56, 'MO 6304GA3', 'ABCO', 'Ut pharetra pede. Sed justo dolor, varius leo. Integer posuere sit amet, rutrum id, porttitor lacus sit amet, consectetuer at.');
INSERT INTO PRODUCT (ID, NAME, PRICE, MODEL, BRAND, DESCRIPTION) VALUES (70, 'Aplikatory welurowe 50szt.', 15.22, 'PA 1910AL8', 'Briazz', 'Nullam euismod, quam leo, cursus pulvinar mollis, turpis vulputate vitae, nunc. Ut id quam. Aliquam luctus et ultrices tincidunt, orci.');
INSERT INTO PRODUCT (ID, NAME, PRICE, MODEL, BRAND, DESCRIPTION) VALUES (71, 'Kredka do rozświetlania ust', 5.05, 'TX 7MT7478', 'H.C. Bohack', 'Mauris magna dictum id, cursus odio. Cras luctus ullamcorper pede dictum ut, dignissim justo. Aenean lobortis sem. Mauris fringilla gravida.');
INSERT INTO PRODUCT (ID, NAME, PRICE, MODEL, BRAND, DESCRIPTION) VALUES (72, 'Olejek do ust Shops', 22.66, 'MD 2NY1076', 'The Record Shops', 'Ut pharetra pede. Sed justo dolor, varius leo. Integer posuere sit amet, rutrum id, porttitor lacus sit amet, consectetuer at.');
INSERT INTO PRODUCT (ID, NAME, PRICE, MODEL, BRAND, DESCRIPTION) VALUES (73, 'Woda perfumowana 50ml', 69.74, 'GA 3PA0303', 'Quest Technology', 'Proin urna. Suspendisse adipiscing elit. Nullam feugiat eget, bibendum sapien eleifend pede placerat nisl felis augue varius ac, cursus arcu.');
INSERT INTO PRODUCT (ID, NAME, PRICE, MODEL, BRAND, DESCRIPTION) VALUES (74, 'Perfumy Luber Białe piżmo', 21.29, 'CA 9GA0017', 'National Lumber', 'Mauris magna dictum id, cursus odio. Cras luctus ullamcorper pede dictum ut, dignissim justo. Aenean lobortis sem. Mauris fringilla gravida.');
INSERT INTO PRODUCT (ID, NAME, PRICE, MODEL, BRAND, DESCRIPTION) VALUES (75, 'Perfumy damskie Future 50ml', 53.82, 'NJ 0CA7071', 'Future Bright', 'Curae, Quisque est sem, sed ipsum enim, sagittis lacus. Aliquam semper. Sed venenatis. Donec lectus felis, ullamcorper lorem. Aliquam gravida.');
INSERT INTO PRODUCT (ID, NAME, PRICE, MODEL, BRAND, DESCRIPTION) VALUES (76, 'Perfumy dla mężczyzn 50ml Gray', 74, 'CA 9CA5204', 'Magik Gray', 'Proin urna. Suspendisse adipiscing elit. Nullam feugiat eget, bibendum sapien eleifend pede placerat nisl felis augue varius ac, cursus arcu.');
INSERT INTO PRODUCT (ID, NAME, PRICE, MODEL, BRAND, DESCRIPTION) VALUES (77, 'Woda perfumowana dla mężczyzn 100ml', 42.19, 'MO 6WA5237', 'Whitlocks Auto', 'Curabitur nunc. Etiam leo sapien, tempus malesuada. Suspendisse dapibus non, leo. In hac habitasse platea dictumst. Nam lorem id enim.');
INSERT INTO PRODUCT (ID, NAME, PRICE, MODEL, BRAND, DESCRIPTION) VALUES (78, 'Woda po goleniu Environ', 48.46, 'OR 9NY7205', 'Environ Architectural Design', 'Curae, Quisque est sem, sed ipsum enim, sagittis lacus. Aliquam semper. Sed venenatis. Donec lectus felis, ullamcorper lorem. Aliquam gravida.');
INSERT INTO PRODUCT (ID, NAME, PRICE, MODEL, BRAND, DESCRIPTION) VALUES (79, 'Płyn do opalania Tester 10ml', 10.16, 'TX 787MD58', 'Waccamaw Pottery', 'Nam nec libero. In tempus orci ut venenatis consequat. Cum sociis natoque penatibus et wisi at lobortis elit. Proin imperdiet.');
INSERT INTO PRODUCT (ID, NAME, PRICE, MODEL, BRAND, DESCRIPTION) VALUES (80, 'Krem do golenia Sandys 3ml', 25, 'MI 493IL49', 'Sandys', 'Curabitur nunc. Etiam leo sapien, tempus malesuada. Suspendisse dapibus non, leo. In hac habitasse platea dictumst. Nam lorem id enim.');
INSERT INTO PRODUCT (ID, NAME, PRICE, MODEL, BRAND, DESCRIPTION) VALUES (81, 'Tester szampon 20ml', 5.25, 'AR 720WV51', 'Britling Cafeterias', 'Fusce in faucibus ligula. Aenean feugiat facilisis faucibus massa metus et odio. Vestibulum rutrum et, enim. Mauris neque. Praesent in.');
INSERT INTO PRODUCT (ID, NAME, PRICE, MODEL, BRAND, DESCRIPTION) VALUES (82, 'Rower elektryczny Standard', 2490.64, 'NE 681MT28', 'Standard', 'Nam nec libero. In tempus orci ut venenatis consequat. Cum sociis natoque penatibus et wisi at lobortis elit. Proin imperdiet.');
INSERT INTO PRODUCT (ID, NAME, PRICE, MODEL, BRAND, DESCRIPTION) VALUES (83, 'Rower kolarski Bettendorfs', 2672.59, 'GA 301NY36', 'Bettendorfs', 'Etiam vel purus. Phasellus lorem leo, pretium sit amet augue nec neque. Nam convallis tellus. Donec nec magna. Nulla facilisi.');
INSERT INTO PRODUCT (ID, NAME, PRICE, MODEL, BRAND, DESCRIPTION) VALUES (84, 'Rower szosowy z ramą karbonową', 4716.15, 'IN 462PA04', 'Funtown toys', 'Fusce in faucibus ligula. Aenean feugiat facilisis faucibus massa metus et odio. Vestibulum rutrum et, enim. Mauris neque. Praesent in.');
INSERT INTO PRODUCT (ID, NAME, PRICE, MODEL, BRAND, DESCRIPTION) VALUES (85, 'Kask rowerowy damski XL', 218.8, 'PA 155GA30', 'Laura Ashley Mother', 'In pretium wisi, id lorem. Curabitur tempor. Pellentesque habitant morbi tristique senectus et turpis. Duis posuere sed, posuere ligula non.');
INSERT INTO PRODUCT (ID, NAME, PRICE, MODEL, BRAND, DESCRIPTION) VALUES (86, 'Kask rowerowy 18-dołkowy', 168.59, 'GA 312CA01', 'Omni Tech', 'Etiam vel purus. Phasellus lorem leo, pretium sit amet augue nec neque. Nam convallis tellus. Donec nec magna. Nulla facilisi.');
INSERT INTO PRODUCT (ID, NAME, PRICE, MODEL, BRAND, DESCRIPTION) VALUES (87, 'Kask regulowany M', 602.36, 'AL 352CA03', 'Sounds of Soul', 'Aenean dui eget metus. Vestibulum scelerisque a, imperdiet facilisis sagittis tortor. Nullam suscipit rutrum. Pellentesque tincidunt in, odio. Nam nunc.');
INSERT INTO PRODUCT (ID, NAME, PRICE, MODEL, BRAND, DESCRIPTION) VALUES (88, 'Siodełko pianka elastyczna', 81.22, 'GA 317WA07', 'Official All Star', 'In pretium wisi, id lorem. Curabitur tempor. Pellentesque habitant morbi tristique senectus et turpis. Duis posuere sed, posuere ligula non.');
INSERT INTO PRODUCT (ID, NAME, PRICE, MODEL, BRAND, DESCRIPTION) VALUES (89, 'Opony rowerowa 26', 130.96, 'GA 303NY37', 'Rolling Thunder', 'Phasellus lorem velit sit amet, consectetuer elit. Aenean ipsum dolor sit amet, consectetuer nec, hendrerit feugiat ultrices eget, purus. Aenean.');
INSERT INTO PRODUCT (ID, NAME, PRICE, MODEL, BRAND, DESCRIPTION) VALUES (90, 'Pedały retro kolarzówka', 86.13, 'CA 908MO05', 'Red Baron Electronics', 'Aenean dui eget metus. Vestibulum scelerisque a, imperdiet facilisis sagittis tortor. Nullam suscipit rutrum. Pellentesque tincidunt in, odio. Nam nunc.');
INSERT INTO PRODUCT (ID, NAME, PRICE, MODEL, BRAND, DESCRIPTION) VALUES (91, 'Rakieta do tenisa Magna ', 269.31, 'NY 148TX45', 'Magna Gases', 'Sed id sollicitudin eu, pretium erat volutpat. Phasellus urna sem ipsum, tempor vel, congue quis, lorem. Suspendisse luctus et dui.');
INSERT INTO PRODUCT (ID, NAME, PRICE, MODEL, BRAND, DESCRIPTION) VALUES (92, 'Rakieta tenisowa Record S5', 493.57, 'CA 946MI12', 'Record Bar', 'Phasellus lorem velit sit amet, consectetuer elit. Aenean ipsum dolor sit amet, consectetuer nec, hendrerit feugiat ultrices eget, purus. Aenean.');
INSERT INTO PRODUCT (ID, NAME, PRICE, MODEL, BRAND, DESCRIPTION) VALUES (93, 'Rakieta Custom L2', 96.72, 'IA 512MO40', 'Custom Sound', 'Nam ac hendrerit risus. Morbi tincidunt. Sed nec felis augue odio et ultrices posuere elementum velit. Mauris ullamcorper in, convallis.');
INSERT INTO PRODUCT (ID, NAME, PRICE, MODEL, BRAND, DESCRIPTION) VALUES (94, 'Piłki do tenisa 3szt Twin', 40.43, 'SC 294PA20', 'Twin Electronics', 'Sed id sollicitudin eu, pretium erat volutpat. Phasellus urna sem ipsum, tempor vel, congue quis, lorem. Suspendisse luctus et dui.');
INSERT INTO PRODUCT (ID, NAME, PRICE, MODEL, BRAND, DESCRIPTION) VALUES (95, 'Piłki tenisowe Open - 4szt.', 53.62, 'TX 763TX01', 'Hill-Behan', 'Pellentesque molestie justo vel nibh. Morbi quis orci orci, gravida sit amet enim. Fusce tellus. Suspendisse potenti. Cras enim est.');
INSERT INTO PRODUCT (ID, NAME, PRICE, MODEL, BRAND, DESCRIPTION) VALUES (96, 'Piłki tenisowe gąbkowe dla dzieci', 94.17, 'MS 395MD01', 'Kiddie City', 'Nam ac hendrerit risus. Morbi tincidunt. Sed nec felis augue odio et ultrices posuere elementum velit. Mauris ullamcorper in, convallis.');
INSERT INTO PRODUCT (ID, NAME, PRICE, MODEL, BRAND, DESCRIPTION) VALUES (97, 'Owijki tenisowe wierzchnie', 36.8, 'ME 047GA30', 'Stratagee', 'Morbi risus nibh eu nunc lacus, ullamcorper orci nec nunc eu sodales turpis, rutrum ac, laoreet ultricies lobortis volutpat. Vivamus.');
INSERT INTO PRODUCT (ID, NAME, PRICE, MODEL, BRAND, DESCRIPTION) VALUES (98, 'Owijki grip 0,5mm', 7.68, 'VT 054CA03', 'CompuAdd', 'Pellentesque molestie justo vel nibh. Morbi quis orci orci, gravida sit amet enim. Fusce tellus. Suspendisse potenti. Cras enim est.');
INSERT INTO PRODUCT (ID, NAME, PRICE, MODEL, BRAND, DESCRIPTION) VALUES (99, 'Owijka wierzchnia 1,9mm', 14.71, 'MD 212NJ02', 'STM Auto Parts', 'Curabitur faucibus. Sed porttitor, nulla ac augue quis neque. Vestibulum quam. Nunc erat felis, eleifend lectus sit amet, sollicitudin fermentum.');
INSERT INTO PRODUCT (ID, NAME, PRICE, MODEL, BRAND, DESCRIPTION) VALUES (100, 'Męskie buty do biegania', 198.11, 'IL 629CA60', 'Formula Grey', 'Morbi risus nibh eu nunc lacus, ullamcorper orci nec nunc eu sodales turpis, rutrum ac, laoreet ultricies lobortis volutpat. Vivamus.');
INSERT INTO PRODUCT (ID, NAME, PRICE, MODEL, BRAND, DESCRIPTION) VALUES (101, 'Wygodne buty sportowe Eddie', 256.1, 'WV 251MO43', 'Crazy Eddie', 'Sed nonummy sagittis. Curabitur at elit dapibus sit amet ante. Duis vel massa. Proin vitae imperdiet quis, orci. Sed adipiscing.');
INSERT INTO PRODUCT (ID, NAME, PRICE, MODEL, BRAND, DESCRIPTION) VALUES (102, 'Damskie buty do biegania Sunny', 247.37, 'MT 597OR54', 'Sunny Real Estate', 'Curabitur faucibus. Sed porttitor, nulla ac augue quis neque. Vestibulum quam. Nunc erat felis, eleifend lectus sit amet, sollicitudin fermentum.');
INSERT INTO PRODUCT (ID, NAME, PRICE, MODEL, BRAND, DESCRIPTION) VALUES (103, 'Innowacyjny bidon z obciążoną słomką', 24.38, 'NY 100TX14', 'Bennett Brothers', 'Vestibulum ullamcorper varius sit amet, sodales at, mollis ut, dolor. Integer aliquet lorem. In tempus. Pellentesque sed nulla. Suspendisse eu.');
INSERT INTO PRODUCT (ID, NAME, PRICE, MODEL, BRAND, DESCRIPTION) VALUES (104, 'Bidon termiczny ze słomką 350ml', 46.36, 'PA 171MI09', 'Rogers Food Stores', 'Sed nonummy sagittis. Curabitur at elit dapibus sit amet ante. Duis vel massa. Proin vitae imperdiet quis, orci. Sed adipiscing.');
INSERT INTO PRODUCT (ID, NAME, PRICE, MODEL, BRAND, DESCRIPTION) VALUES (105, 'Bidon butelka na rower do biegania', 31.88, 'GA 307AR07', 'World of Fun', 'Nullam fermentum gravida justo, hendrerit dolor nulla, convallis turpis. Praesent in velit tristique bibendum, urna nec diam justo, eget luctus.');
INSERT INTO PRODUCT (ID, NAME, PRICE, MODEL, BRAND, DESCRIPTION) VALUES (106, 'Plecak do biegania niebieski', 31.24, 'CA 941NE07', 'Argus Tapes & Records', 'Vestibulum ullamcorper varius sit amet, sodales at, mollis ut, dolor. Integer aliquet lorem. In tempus. Pellentesque sed nulla. Suspendisse eu.');
INSERT INTO PRODUCT (ID, NAME, PRICE, MODEL, BRAND, DESCRIPTION) VALUES (107, 'Plecak rowerowy do biegania WALK 3l', 56.01, 'CA 900GA17', 'Castle Realty', 'Aenean ligula accumsan vitae, bibendum tellus, condimentum quam. Nullam accumsan. In lacus eu arcu vitae neque lorem, tempus erat. Nullam.');
INSERT INTO PRODUCT (ID, NAME, PRICE, MODEL, BRAND, DESCRIPTION) VALUES (108, 'Plecak biegowy Runner 9', 180.43, 'WA 981IN61', 'Pro-Care', 'Nullam fermentum gravida justo, hendrerit dolor nulla, convallis turpis. Praesent in velit tristique bibendum, urna nec diam justo, eget luctus.');
INSERT INTO PRODUCT (ID, NAME, PRICE, MODEL, BRAND, DESCRIPTION) VALUES (109, 'Pianka Mata wygłuszająca niepalna silnika', 10.3, 'NY 100PA16', 'Yardbirds Home', 'Morbi risus tortor, hendrerit nibh ac ipsum. Mauris luctus congue, lacus sagittis luctus, ante sem ipsum, vel dui vitae wisi.');
INSERT INTO PRODUCT (ID, NAME, PRICE, MODEL, BRAND, DESCRIPTION) VALUES (110, 'Tabkiczka znamionowa, naklejka marki', 88.06, 'MO 658GA04', 'The Original House', 'Aenean ligula accumsan vitae, bibendum tellus, condimentum quam. Nullam accumsan. In lacus eu arcu vitae neque lorem, tempus erat. Nullam.');
INSERT INTO PRODUCT (ID, NAME, PRICE, MODEL, BRAND, DESCRIPTION) VALUES (111, 'Folia naklejka wodoodporna na lusterko', 11.44, 'TX 757AL83', 'Datacorp', 'Suspendisse fermentum, enim metus imperdiet neque. Suspendisse vitae tellus consectetuer adipiscing aliquet eget, ultricies neque tortor non dui. In hac.');
INSERT INTO PRODUCT (ID, NAME, PRICE, MODEL, BRAND, DESCRIPTION) VALUES (112, 'Lampy samochodowe A4', 634.87, 'MI 480GA15', 'Shoe Kicks', 'Morbi risus tortor, hendrerit nibh ac ipsum. Mauris luctus congue, lacus sagittis luctus, ante sem ipsum, vel dui vitae wisi.');
INSERT INTO PRODUCT (ID, NAME, PRICE, MODEL, BRAND, DESCRIPTION) VALUES (113, 'Oświetlenie LED Dynamiczne', 152.94, 'MO 630GA43', 'Maurice', 'Suspendisse dapibus eget, eros. Mauris pretium, ipsum dolor leo ac ornare id, cursus consectetuer. Etiam ullamcorper. Suspendisse auctor, egestas blandit.');
INSERT INTO PRODUCT (ID, NAME, PRICE, MODEL, BRAND, DESCRIPTION) VALUES (114, 'Panel LED 420W', 157.43, 'PA 191CA08', 'Jack Lang', 'Suspendisse fermentum, enim metus imperdiet neque. Suspendisse vitae tellus consectetuer adipiscing aliquet eget, ultricies neque tortor non dui. In hac.');
INSERT INTO PRODUCT (ID, NAME, PRICE, MODEL, BRAND, DESCRIPTION) VALUES (115, 'Silnik kompletny do A4 1.6', 1427.56, 'TX 774NY78', 'ABCO', 'Nam molestie. Quisque quis libero. Aliquam fermentum lobortis semper. Sed mauris non leo. Curabitur magna sit amet lorem. Praesent elit.');
INSERT INTO PRODUCT (ID, NAME, PRICE, MODEL, BRAND, DESCRIPTION) VALUES (116, 'Silnik 2.0 HDI CIT Komplet', 2640.62, 'MD 210CA76', 'Briazz', 'Suspendisse dapibus eget, eros. Mauris pretium, ipsum dolor leo ac ornare id, cursus consectetuer. Etiam ullamcorper. Suspendisse auctor, egestas blandit.');
INSERT INTO PRODUCT (ID, NAME, PRICE, MODEL, BRAND, DESCRIPTION) VALUES (117, 'Silnik regenerowany 1.9 TDI 8V SEA', 1192.32, 'GA 303IA03', 'H.C. Bohack', 'Vestibulum aliquam convallis. Praesent tristique commodo. Suspendisse vestibulum ac, eleifend et, ultricies accumsan. Fusce vel molestie mauris. Fusce nulla pulvinar.');
INSERT INTO PRODUCT (ID, NAME, PRICE, MODEL, BRAND, DESCRIPTION) VALUES (118, 'Bagażnik dachowy A4', 203.08, 'CA 900SC17', 'The Record Shops', 'Nam molestie. Quisque quis libero. Aliquam fermentum lobortis semper. Sed mauris non leo. Curabitur magna sit amet lorem. Praesent elit.');
INSERT INTO PRODUCT (ID, NAME, PRICE, MODEL, BRAND, DESCRIPTION) VALUES (119, 'Dachowy bagażnik uniwersalny', 100.18, 'NJ 070TX71', 'Quest Technology', 'Integer ultrices condimentum quam. Pellentesque ac viverra auctor, ante id sollicitudin ac, ante. Donec non nunc. Duis quam at ipsum.');
INSERT INTO PRODUCT (ID, NAME, PRICE, MODEL, BRAND, DESCRIPTION) VALUES (120, 'Bagażnik rowerowy na 4 rowery', 1494.41, 'CA 952MS04', 'National Lumber', 'Vestibulum aliquam convallis. Praesent tristique commodo. Suspendisse vestibulum ac, eleifend et, ultricies accumsan. Fusce vel molestie mauris. Fusce nulla pulvinar.');
INSERT INTO PRODUCT (ID, NAME, PRICE, MODEL, BRAND, DESCRIPTION) VALUES (121, 'Dywaniki gumowe + stopery', 55.67, 'MO 652ME37', 'Future Bright', 'Donec tortor. In euismod id, libero. Mauris purus. Aliquam fermentum nonummy sagittis. Aliquam auctor odio. Morbi vitae nibh purus, congue.');
INSERT INTO PRODUCT (ID, NAME, PRICE, MODEL, BRAND, DESCRIPTION) VALUES (122, 'Welurowe dywaniki 8mm', 67.73, 'OR 972VT05', 'Magik Gray', 'Integer ultrices condimentum quam. Pellentesque ac viverra auctor, ante id sollicitudin ac, ante. Donec non nunc. Duis quam at ipsum.');
INSERT INTO PRODUCT (ID, NAME, PRICE, MODEL, BRAND, DESCRIPTION) VALUES (123, 'Uniwersalne dywaniki samochodowe 4szt.', 56.93, 'TX 787MD58', 'Whitlocks Auto', 'Fusce aliquam dolor. Praesent quis tortor. Vestibulum id erat id erat sit amet, consectetuer vestibulum sed, posuere sit amet dolor.');
INSERT INTO PRODUCT (ID, NAME, PRICE, MODEL, BRAND, DESCRIPTION) VALUES (124, 'Alkomat policyjny Environ', 575.56, 'MI 493IL49', 'Environ Architectural Design', 'Donec tortor. In euismod id, libero. Mauris purus. Aliquam fermentum nonummy sagittis. Aliquam auctor odio. Morbi vitae nibh purus, congue.');
INSERT INTO PRODUCT (ID, NAME, PRICE, MODEL, BRAND, DESCRIPTION) VALUES (125, 'Rejestrator jazdy kamera 64GB', 378.77, 'AR 720WV51', 'Waccamaw Pottery', 'Aenean feugiat ultrices condimentum sit amet quam. Ut nonummy. Nam purus. Quisque porta ligula. Nam rhoncus, dolor lorem, at orci.');
INSERT INTO PRODUCT (ID, NAME, PRICE, MODEL, BRAND, DESCRIPTION) VALUES (126, 'Odkurzacz samochodowy bezprzewodowty 120W', 88.92, 'NE 681MT28', 'Sandys', 'Fusce aliquam dolor. Praesent quis tortor. Vestibulum id erat id erat sit amet, consectetuer vestibulum sed, posuere sit amet dolor.');
INSERT INTO PRODUCT (ID, NAME, PRICE, MODEL, BRAND, DESCRIPTION) VALUES (127, 'Opony letnie 205/55R16', 1580.14, 'GA 301NY36', 'Britling Cafeterias', 'Vivamus elit ultricies pretium. Fusce nulla eu scelerisque tincidunt. Sed sagittis, elit. Nunc viverra elit. Nam lorem ligula, in nunc.');
INSERT INTO PRODUCT (ID, NAME, PRICE, MODEL, BRAND, DESCRIPTION) VALUES (128, 'Zimowe opony DEB 255/45R18', 1325.54, 'IN 462PA04', 'Standard Food', 'Aenean feugiat ultrices condimentum sit amet quam. Ut nonummy. Nam purus. Quisque porta ligula. Nam rhoncus, dolor lorem, at orci.');
INSERT INTO PRODUCT (ID, NAME, PRICE, MODEL, BRAND, DESCRIPTION) VALUES (129, '4x Opony zimowe 185/65R15', 785.03, 'PA 155GA30', 'Bettendorfs', 'Cras ornare ligula non eros. Fusce quam in faucibus orci luctus congue, sem vitae velit vitae mauris. Lorem ipsum vitae.');
INSERT INTO PRODUCT (ID, NAME, PRICE, MODEL, BRAND, DESCRIPTION) VALUES (130, 'Koła zimowe 195/65R15 DEB', 1203.47, 'GA 312CA01', 'Funtown toys', 'Vivamus elit ultricies pretium. Fusce nulla eu scelerisque tincidunt. Sed sagittis, elit. Nunc viverra elit. Nam lorem ligula, in nunc.');
INSERT INTO PRODUCT (ID, NAME, PRICE, MODEL, BRAND, DESCRIPTION) VALUES (131, 'Koła letnie 215/55R17', 1287.27, 'AL 352CA03', 'Laura Ashley Mother', 'Vestibulum cursus wisi, eu convallis auctor. Nam nunc pede cursus lectus, luctus et commodo magna, gravida justo, at est pretium.');
INSERT INTO PRODUCT (ID, NAME, PRICE, MODEL, BRAND, DESCRIPTION) VALUES (132, 'Koła zimowe 18 5x112 VW TIG', 558, 'GA 317WA07', 'Omni Tech', 'Cras ornare ligula non eros. Fusce quam in faucibus orci luctus congue, sem vitae velit vitae mauris. Lorem ipsum vitae.');
INSERT INTO PRODUCT (ID, NAME, PRICE, MODEL, BRAND, DESCRIPTION) VALUES (133, 'Felgi aluminiowe do samochodu 20 5x112', 471.17, 'GA 303NY37', 'Sounds of Soul', 'Nulla malesuada. In justo facilisis est diam, venenatis vitae, cursus vitae, vulputate molestie. Quisque neque nibh condimentum nec, accumsan vestibulum.');
INSERT INTO PRODUCT (ID, NAME, PRICE, MODEL, BRAND, DESCRIPTION) VALUES (134, 'Felgi stalowe 17cal 5x114.3', 247.38, 'CA 908MO05', 'Official All Star', 'Vestibulum cursus wisi, eu convallis auctor. Nam nunc pede cursus lectus, luctus et commodo magna, gravida justo, at est pretium.');
INSERT INTO PRODUCT (ID, NAME, PRICE, MODEL, BRAND, DESCRIPTION) VALUES (135, 'Felgi 16 ix35 Stalowe', 438.4, 'NY 148TX45', 'Rolling Thunder', 'Vivamus nibh. Aliquam ut enim. Aliquam erat volutpat. Maecenas lacus. Duis sodales wisi diam lorem, ornare facilisis vel, adipiscing elit.');

# PRODUCT NO OFFER
INSERT INTO PRODUCT (ID, NAME, PRICE, MODEL, BRAND, DESCRIPTION) VALUES (136, 'Album na zdjęcja poldo', 19.99, 'DPH460CLASSIC', 'Poldo', 'Przedmiotem aukcji są stylowe albumy kieszeniowe na 300 zdjęć wsuwane wykonany z materiału o wysokiej jakości .Album jest zgrzewany, okładka dostępna w kilku wzorach. Strony są foliowe+ kieszonki z przezroczystej folii. Zdjęcia są wsuwane w kieszonki od strony wewnętrznej.');
INSERT INTO PRODUCT (ID, NAME, PRICE, MODEL, BRAND, DESCRIPTION) VALUES (137, 'Drukarka zdjęć portable photo printer', 300.00, 'Portable Printer', 'Ximi', 'Mini drukarka Ximi idealnie sprawdzi się do wydrukowania Twoich zdjęć dzięki technologii ZINK, bez atramentu. W ten sposób drukowanie jest dziecinnie proste.');
INSERT INTO PRODUCT (ID, NAME, PRICE, MODEL, BRAND, DESCRIPTION) VALUES (138, 'Aparat wielkoformatowy Proma', 1050.00, 'Proma 45', 'Gibel', 'Pierwszy składany aparat wielkoformatowy wydrukowany na drukarce 3D! Aparat nie waży dużo - zrobiony jest z PLA (Polilaktyd, otrzymywany ze skrobi) a więc idealne nada się dla studentów lub fotografów chcących zacząć przygodę z dużym formatem.');
INSERT INTO PRODUCT (ID, NAME, PRICE, MODEL, BRAND, DESCRIPTION) VALUES (139, 'Canon PowerShot G7X Mark', 1170.00, 'G7X', 'Mark', 'Aparaty kompaktowe marki Canon wyposażone są we wszystkie najnowsze rozwiązania technologiczne, dzięki którym fotografowanie na co dzień i podczas podróży stanie się czystą przyjemnością. Bogaty wybór modeli sprawia, że z pewnością znajdziesz coś dla siebie - bez względu na to czy stawiasz pierwsze kroki w fotografii, potrzebujesz aparatu na wakacyjny wyjazd, czy poszukujesz bardziej zaawansowanego sprzętu w niewielkich rozmiarach.');
INSERT INTO PRODUCT (ID, NAME, PRICE, MODEL, BRAND, DESCRIPTION) VALUES (140, 'Aparat cyfrowy Olymp OM-D', 2100.00, 'OM-D E-M1', 'Olympus', 'Linia aparatów OM-D łączy w sobie zaawansowane technologie i klasyczną stylistykę. To połączenie pozwala tworzyć wyjątkowe aparaty, którymi fotografowanie i filmowanie staje się czystą przyjemnością. Olympus OM-D E-M1 Mark III kontynuuje te tradycje, udostępniając przy tym stabilizację obrazu o imponującej wydajności wynoszącej aż 7,5 EV, procesor obrazu TruePic IX i niezwykle wydajny system AF. To aparat, który łącząc wyjątkowo kompaktową i mobilną konstrukcję, oferuje parametry mogące sprostać oczekiwaniom profesjonalistów.');
INSERT INTO PRODUCT (ID, NAME, PRICE, MODEL, BRAND, DESCRIPTION) VALUES (141, 'Aparat sons Alpha a7 III body', 8700.00, 'D7500', 'Sons', 'Model D7500 rejestruje wyraźne zdjęcia o wysokiej rozdzielczości i płynnych przejściach tonalnych. Cechuje się ponadto bardzo dokładnym rozpoznawaniem obiektów i doskonałą jakością obrazu przy wysokiej czułości ISO. Jakość materiału wideo rejestrowanego w rozdzielczości 4K/UHD potrafi wprost oczarować. Zastosowany w tym aparacie system Picture Control ułatwia nadawanie własnego stylu twórczego rejestrowanym zdjęciom i filmom.');
INSERT INTO PRODUCT (ID, NAME, PRICE, MODEL, BRAND, DESCRIPTION) VALUES (142, 'GOLDGAMER i9 10900 4,7GHz/ 32GB/ SSD', 6000.00, 'GOLDGAMER', 'QuickPC', 'Nowoczesna platforma z dziesięciordzeniowym ( 20 wątków )  procesorem INTEL i9 10900F, z pamięciami DDR4 i wydajną grafiką RTX 3060 Ti  8GB. Komputer stworzony dla wymagających graczy, bez problemu zagrasz w najnowsze i wymagające tytuły. Komputer nadaję się również do streamingu. Wersja limitowana w niesamowitej obudowie RAIDMAX F01, obudowa posiada otwierane okno z hartowanego szkła i podświetlenie ARGB');
INSERT INTO PRODUCT (ID, NAME, PRICE, MODEL, BRAND, DESCRIPTION) VALUES (143, 'X240 |I5-4Gen|8GB|128SSD', 3300.50, 'X240', 'QuickPC', 'Komputer M83 posiada niektóre z najlepszych narzędzi zabezpieczających dostępnych na rynku, w tym funkcja blokowania portów USB w celu zapobiegania kradzieży danych i zagrożeniom bezpieczeństwa sieci wynikających z nieupoważnionego użycia urządzeń magazynujących. Trusted Platform Module (TPM) szyfruje dane i kluczowe informacje, takie jak hasła i certyfikaty cyfrowe.');
INSERT INTO PRODUCT (ID, NAME, PRICE, MODEL, BRAND, DESCRIPTION) VALUES (144, 'Laptop do Gier Book A Ryz 5', 1400.00, 'Ryz 5', 'Book', 'MAIBENBEN zawsze opierał się na ekstremalnym doświadczeniu użytkownika, koncentruje się na produktach i usługach . Jest modną, opłacalną marką laptopów i jest kochany przez młodsze pokolenie na całym świecie.');
INSERT INTO PRODUCT (ID, NAME, PRICE, MODEL, BRAND, DESCRIPTION) VALUES (145, 'DALL Latitu e6540 i7 16GB', 4000.00, 'Latitu', 'DALL', 'Laptopy klasy biznesowej o ponadprzeciętnych parametrach. Sprawdzą się wszędzie tam, gdzie wymagana jest duża przestrzeń robocza, estetyka i jakość wykonania.Idealnie nadaje się do zastosowań domowych (gry, programy, filmy, Internet) jak i profesjonalnych (projektowanie 3D, montaż filmów, obróbka graficzna).');
INSERT INTO PRODUCT (ID, NAME, PRICE, MODEL, BRAND, DESCRIPTION) VALUES (146, 'FOTEL GAMINGOWY Obrotowy', 500.00, 'Gamming', 'Diablo', 'Krzesło, którego chciałby używać każdy prawdziwy gracz. A może bystra osoba pracująca w biurze, która ceni sobie wygodę i uwielbia adrenalinę oraz uczucie siedzenia na fotelu do gier.');
INSERT INTO PRODUCT (ID, NAME, PRICE, MODEL, BRAND, DESCRIPTION) VALUES (147, 'ADAPTER Konwerter z HDMI do VGA ', 30.00, 'HDMI-VGA', 'Gembird', 'Pozwala na podłączenie monitora lub projektora ze złączem VGA do dowolnego urządzenia wyposażonego w złącze HDMI np. smartfona, tabletu, laptopa, komputera, konsoli, itp.');
INSERT INTO PRODUCT (ID, NAME, PRICE, MODEL, BRAND, DESCRIPTION) VALUES (148, 'Play St 2 SLIM ', 200.00, 'SCPH-77003', 'PlaySt', 'Oferuje na sprzedaż konsole PlayStation 2 model SCPH - 39003, naturalnie jest ona sprawna w 100%.');
INSERT INTO PRODUCT (ID, NAME, PRICE, MODEL, BRAND, DESCRIPTION) VALUES (149, 'Konsola Ps z BLU-RAY', 4500.00, 'CFI-1016a', 'Playstation', 'Ultraszybki dysk SSD zapewnia błyskawiczne czasy ładowania. Zainstalowane na konsoli PS5 gry będą ładować się w mgnieniu oka. Wykorzystując moc procesora niestandardowego, procesora graficznego i dysku SSD ze zintegrowanym We/Wy, stworzono nowe zasady tego, na co stać konsolę PlayStation. Co oznacza mniej czekania na loadingu!');
INSERT INTO PRODUCT (ID, NAME, PRICE, MODEL, BRAND, DESCRIPTION) VALUES (150, 'KONSOLA BOX S 1TB', 2300.00, 'SDA-23LK', 'BOX', 'Podziwiaj najbardziej szczegółową grafikę w rozdzielczości 4K Ultra HD. Wysoki wskaźnik kontrastu pozwala bezbłędnie rozróżniać tekstury, dodając grze wizualną głębię.');
INSERT INTO PRODUCT (ID, NAME, PRICE, MODEL, BRAND, DESCRIPTION) VALUES (151, 'Konsola Microsoft Xbox Series X', 3000.00, 'RRT-00010', 'BOX', 'Najnowsza konsola XBOX, wykorzystaj jej nowe i ogromne możliwości. Dodatkowo konsola posiada stylowy wygląd wpasowujący się w nowoczesne wnętrza.');
INSERT INTO PRODUCT (ID, NAME, PRICE, MODEL, BRAND, DESCRIPTION) VALUES (152, 'GBoy Micro OXY', 600.00, '0XY', 'Game Boy', 'GBoy Micro, model OXY-001 wypuszczony przez Nintendo w roku 2005 jako zwieńczenie linii Game Boy. Oferowana wersja jest limitowaną edycją Famicom Edition 20th Anniversary wydaną na rynek japoński w roku 2005.');
INSERT INTO PRODUCT (ID, NAME, PRICE, MODEL, BRAND, DESCRIPTION) VALUES (153, 'Nin N60 - konsola Box', 250.00, 'N64', 'Nin', 'Ten kartridż z grą pasuje i działa na wszystkich konsolach w wersji USA/EUR/Japan, bez regionu.');
INSERT INTO PRODUCT (ID, NAME, PRICE, MODEL, BRAND, DESCRIPTION) VALUES (154, 'Spodenki Sportowe Męskie', 55.00, 'Men', 'Adas', 'Spodenki sportowe krótkie Parma renomowanego niemieckiego producenta najlepszego sprzętu sportowego firmy Ada zostały wykonane w 100% z poliestru o gęstym splocie.');
INSERT INTO PRODUCT (ID, NAME, PRICE, MODEL, BRAND, DESCRIPTION) VALUES (155, 'ZIMOWA KURTKA PARKA PIKOWANA BRAND', 100.00, 'ZK', 'BRAND', 'Żeby prawidłowo dobrać rozmiar dla siebie, najłatwiej jest zmierzyć swoją bluzę.');

# PRODUCT_CATEGORY
INSERT INTO PRODUCT_CATEGORY (PRODUCT_ID, CATEGORY_ID) VALUES (1, 21);
INSERT INTO PRODUCT_CATEGORY (PRODUCT_ID, CATEGORY_ID) VALUES (2, 21);
INSERT INTO PRODUCT_CATEGORY (PRODUCT_ID, CATEGORY_ID) VALUES (3, 21);
INSERT INTO PRODUCT_CATEGORY (PRODUCT_ID, CATEGORY_ID) VALUES (4, 22);
INSERT INTO PRODUCT_CATEGORY (PRODUCT_ID, CATEGORY_ID) VALUES (5, 22);
INSERT INTO PRODUCT_CATEGORY (PRODUCT_ID, CATEGORY_ID) VALUES (6, 22);
INSERT INTO PRODUCT_CATEGORY (PRODUCT_ID, CATEGORY_ID) VALUES (7, 23);
INSERT INTO PRODUCT_CATEGORY (PRODUCT_ID, CATEGORY_ID) VALUES (8, 23);
INSERT INTO PRODUCT_CATEGORY (PRODUCT_ID, CATEGORY_ID) VALUES (9, 23);
INSERT INTO PRODUCT_CATEGORY (PRODUCT_ID, CATEGORY_ID) VALUES (10, 24);
INSERT INTO PRODUCT_CATEGORY (PRODUCT_ID, CATEGORY_ID) VALUES (11, 24);
INSERT INTO PRODUCT_CATEGORY (PRODUCT_ID, CATEGORY_ID) VALUES (12, 24);
INSERT INTO PRODUCT_CATEGORY (PRODUCT_ID, CATEGORY_ID) VALUES (13, 25);
INSERT INTO PRODUCT_CATEGORY (PRODUCT_ID, CATEGORY_ID) VALUES (14, 25);
INSERT INTO PRODUCT_CATEGORY (PRODUCT_ID, CATEGORY_ID) VALUES (15, 25);
INSERT INTO PRODUCT_CATEGORY (PRODUCT_ID, CATEGORY_ID) VALUES (16, 26);
INSERT INTO PRODUCT_CATEGORY (PRODUCT_ID, CATEGORY_ID) VALUES (17, 26);
INSERT INTO PRODUCT_CATEGORY (PRODUCT_ID, CATEGORY_ID) VALUES (18, 26);
INSERT INTO PRODUCT_CATEGORY (PRODUCT_ID, CATEGORY_ID) VALUES (19, 27);
INSERT INTO PRODUCT_CATEGORY (PRODUCT_ID, CATEGORY_ID) VALUES (20, 27);
INSERT INTO PRODUCT_CATEGORY (PRODUCT_ID, CATEGORY_ID) VALUES (21, 27);
INSERT INTO PRODUCT_CATEGORY (PRODUCT_ID, CATEGORY_ID) VALUES (22, 28);
INSERT INTO PRODUCT_CATEGORY (PRODUCT_ID, CATEGORY_ID) VALUES (23, 28);
INSERT INTO PRODUCT_CATEGORY (PRODUCT_ID, CATEGORY_ID) VALUES (24, 28);
INSERT INTO PRODUCT_CATEGORY (PRODUCT_ID, CATEGORY_ID) VALUES (25, 29);
INSERT INTO PRODUCT_CATEGORY (PRODUCT_ID, CATEGORY_ID) VALUES (26, 29);
INSERT INTO PRODUCT_CATEGORY (PRODUCT_ID, CATEGORY_ID) VALUES (27, 29);
INSERT INTO PRODUCT_CATEGORY (PRODUCT_ID, CATEGORY_ID) VALUES (28, 30);
INSERT INTO PRODUCT_CATEGORY (PRODUCT_ID, CATEGORY_ID) VALUES (29, 30);
INSERT INTO PRODUCT_CATEGORY (PRODUCT_ID, CATEGORY_ID) VALUES (30, 30);
INSERT INTO PRODUCT_CATEGORY (PRODUCT_ID, CATEGORY_ID) VALUES (31, 31);
INSERT INTO PRODUCT_CATEGORY (PRODUCT_ID, CATEGORY_ID) VALUES (32, 31);
INSERT INTO PRODUCT_CATEGORY (PRODUCT_ID, CATEGORY_ID) VALUES (33, 31);
INSERT INTO PRODUCT_CATEGORY (PRODUCT_ID, CATEGORY_ID) VALUES (34, 32);
INSERT INTO PRODUCT_CATEGORY (PRODUCT_ID, CATEGORY_ID) VALUES (35, 32);
INSERT INTO PRODUCT_CATEGORY (PRODUCT_ID, CATEGORY_ID) VALUES (36, 32);
INSERT INTO PRODUCT_CATEGORY (PRODUCT_ID, CATEGORY_ID) VALUES (37, 33);
INSERT INTO PRODUCT_CATEGORY (PRODUCT_ID, CATEGORY_ID) VALUES (38, 33);
INSERT INTO PRODUCT_CATEGORY (PRODUCT_ID, CATEGORY_ID) VALUES (39, 33);
INSERT INTO PRODUCT_CATEGORY (PRODUCT_ID, CATEGORY_ID) VALUES (40, 34);
INSERT INTO PRODUCT_CATEGORY (PRODUCT_ID, CATEGORY_ID) VALUES (41, 34);
INSERT INTO PRODUCT_CATEGORY (PRODUCT_ID, CATEGORY_ID) VALUES (42, 34);
INSERT INTO PRODUCT_CATEGORY (PRODUCT_ID, CATEGORY_ID) VALUES (43, 35);
INSERT INTO PRODUCT_CATEGORY (PRODUCT_ID, CATEGORY_ID) VALUES (44, 35);
INSERT INTO PRODUCT_CATEGORY (PRODUCT_ID, CATEGORY_ID) VALUES (45, 35);
INSERT INTO PRODUCT_CATEGORY (PRODUCT_ID, CATEGORY_ID) VALUES (46, 36);
INSERT INTO PRODUCT_CATEGORY (PRODUCT_ID, CATEGORY_ID) VALUES (47, 36);
INSERT INTO PRODUCT_CATEGORY (PRODUCT_ID, CATEGORY_ID) VALUES (48, 36);
INSERT INTO PRODUCT_CATEGORY (PRODUCT_ID, CATEGORY_ID) VALUES (49, 37);
INSERT INTO PRODUCT_CATEGORY (PRODUCT_ID, CATEGORY_ID) VALUES (50, 37);
INSERT INTO PRODUCT_CATEGORY (PRODUCT_ID, CATEGORY_ID) VALUES (51, 37);
INSERT INTO PRODUCT_CATEGORY (PRODUCT_ID, CATEGORY_ID) VALUES (52, 38);
INSERT INTO PRODUCT_CATEGORY (PRODUCT_ID, CATEGORY_ID) VALUES (53, 38);
INSERT INTO PRODUCT_CATEGORY (PRODUCT_ID, CATEGORY_ID) VALUES (54, 38);
INSERT INTO PRODUCT_CATEGORY (PRODUCT_ID, CATEGORY_ID) VALUES (55, 39);
INSERT INTO PRODUCT_CATEGORY (PRODUCT_ID, CATEGORY_ID) VALUES (56, 39);
INSERT INTO PRODUCT_CATEGORY (PRODUCT_ID, CATEGORY_ID) VALUES (57, 39);
INSERT INTO PRODUCT_CATEGORY (PRODUCT_ID, CATEGORY_ID) VALUES (58, 40);
INSERT INTO PRODUCT_CATEGORY (PRODUCT_ID, CATEGORY_ID) VALUES (59, 40);
INSERT INTO PRODUCT_CATEGORY (PRODUCT_ID, CATEGORY_ID) VALUES (60, 40);
INSERT INTO PRODUCT_CATEGORY (PRODUCT_ID, CATEGORY_ID) VALUES (61, 41);
INSERT INTO PRODUCT_CATEGORY (PRODUCT_ID, CATEGORY_ID) VALUES (62, 41);
INSERT INTO PRODUCT_CATEGORY (PRODUCT_ID, CATEGORY_ID) VALUES (63, 41);
INSERT INTO PRODUCT_CATEGORY (PRODUCT_ID, CATEGORY_ID) VALUES (64, 42);
INSERT INTO PRODUCT_CATEGORY (PRODUCT_ID, CATEGORY_ID) VALUES (65, 42);
INSERT INTO PRODUCT_CATEGORY (PRODUCT_ID, CATEGORY_ID) VALUES (66, 42);
INSERT INTO PRODUCT_CATEGORY (PRODUCT_ID, CATEGORY_ID) VALUES (67, 43);
INSERT INTO PRODUCT_CATEGORY (PRODUCT_ID, CATEGORY_ID) VALUES (68, 43);
INSERT INTO PRODUCT_CATEGORY (PRODUCT_ID, CATEGORY_ID) VALUES (69, 43);
INSERT INTO PRODUCT_CATEGORY (PRODUCT_ID, CATEGORY_ID) VALUES (70, 44);
INSERT INTO PRODUCT_CATEGORY (PRODUCT_ID, CATEGORY_ID) VALUES (71, 44);
INSERT INTO PRODUCT_CATEGORY (PRODUCT_ID, CATEGORY_ID) VALUES (72, 44);
INSERT INTO PRODUCT_CATEGORY (PRODUCT_ID, CATEGORY_ID) VALUES (73, 45);
INSERT INTO PRODUCT_CATEGORY (PRODUCT_ID, CATEGORY_ID) VALUES (74, 45);
INSERT INTO PRODUCT_CATEGORY (PRODUCT_ID, CATEGORY_ID) VALUES (75, 45);
INSERT INTO PRODUCT_CATEGORY (PRODUCT_ID, CATEGORY_ID) VALUES (76, 46);
INSERT INTO PRODUCT_CATEGORY (PRODUCT_ID, CATEGORY_ID) VALUES (77, 46);
INSERT INTO PRODUCT_CATEGORY (PRODUCT_ID, CATEGORY_ID) VALUES (78, 46);
INSERT INTO PRODUCT_CATEGORY (PRODUCT_ID, CATEGORY_ID) VALUES (79, 47);
INSERT INTO PRODUCT_CATEGORY (PRODUCT_ID, CATEGORY_ID) VALUES (80, 47);
INSERT INTO PRODUCT_CATEGORY (PRODUCT_ID, CATEGORY_ID) VALUES (81, 47);
INSERT INTO PRODUCT_CATEGORY (PRODUCT_ID, CATEGORY_ID) VALUES (82, 48);
INSERT INTO PRODUCT_CATEGORY (PRODUCT_ID, CATEGORY_ID) VALUES (83, 48);
INSERT INTO PRODUCT_CATEGORY (PRODUCT_ID, CATEGORY_ID) VALUES (84, 48);
INSERT INTO PRODUCT_CATEGORY (PRODUCT_ID, CATEGORY_ID) VALUES (85, 49);
INSERT INTO PRODUCT_CATEGORY (PRODUCT_ID, CATEGORY_ID) VALUES (86, 49);
INSERT INTO PRODUCT_CATEGORY (PRODUCT_ID, CATEGORY_ID) VALUES (87, 49);
INSERT INTO PRODUCT_CATEGORY (PRODUCT_ID, CATEGORY_ID) VALUES (88, 50);
INSERT INTO PRODUCT_CATEGORY (PRODUCT_ID, CATEGORY_ID) VALUES (89, 50);
INSERT INTO PRODUCT_CATEGORY (PRODUCT_ID, CATEGORY_ID) VALUES (90, 50);
INSERT INTO PRODUCT_CATEGORY (PRODUCT_ID, CATEGORY_ID) VALUES (91, 51);
INSERT INTO PRODUCT_CATEGORY (PRODUCT_ID, CATEGORY_ID) VALUES (92, 51);
INSERT INTO PRODUCT_CATEGORY (PRODUCT_ID, CATEGORY_ID) VALUES (93, 51);
INSERT INTO PRODUCT_CATEGORY (PRODUCT_ID, CATEGORY_ID) VALUES (94, 52);
INSERT INTO PRODUCT_CATEGORY (PRODUCT_ID, CATEGORY_ID) VALUES (95, 52);
INSERT INTO PRODUCT_CATEGORY (PRODUCT_ID, CATEGORY_ID) VALUES (96, 52);
INSERT INTO PRODUCT_CATEGORY (PRODUCT_ID, CATEGORY_ID) VALUES (97, 53);
INSERT INTO PRODUCT_CATEGORY (PRODUCT_ID, CATEGORY_ID) VALUES (98, 53);
INSERT INTO PRODUCT_CATEGORY (PRODUCT_ID, CATEGORY_ID) VALUES (99, 53);
INSERT INTO PRODUCT_CATEGORY (PRODUCT_ID, CATEGORY_ID) VALUES (100, 54);
INSERT INTO PRODUCT_CATEGORY (PRODUCT_ID, CATEGORY_ID) VALUES (101, 54);
INSERT INTO PRODUCT_CATEGORY (PRODUCT_ID, CATEGORY_ID) VALUES (102, 54);
INSERT INTO PRODUCT_CATEGORY (PRODUCT_ID, CATEGORY_ID) VALUES (103, 55);
INSERT INTO PRODUCT_CATEGORY (PRODUCT_ID, CATEGORY_ID) VALUES (104, 55);
INSERT INTO PRODUCT_CATEGORY (PRODUCT_ID, CATEGORY_ID) VALUES (105, 55);
INSERT INTO PRODUCT_CATEGORY (PRODUCT_ID, CATEGORY_ID) VALUES (106, 56);
INSERT INTO PRODUCT_CATEGORY (PRODUCT_ID, CATEGORY_ID) VALUES (107, 56);
INSERT INTO PRODUCT_CATEGORY (PRODUCT_ID, CATEGORY_ID) VALUES (108, 56);
INSERT INTO PRODUCT_CATEGORY (PRODUCT_ID, CATEGORY_ID) VALUES (109, 57);
INSERT INTO PRODUCT_CATEGORY (PRODUCT_ID, CATEGORY_ID) VALUES (110, 57);
INSERT INTO PRODUCT_CATEGORY (PRODUCT_ID, CATEGORY_ID) VALUES (111, 57);
INSERT INTO PRODUCT_CATEGORY (PRODUCT_ID, CATEGORY_ID) VALUES (112, 58);
INSERT INTO PRODUCT_CATEGORY (PRODUCT_ID, CATEGORY_ID) VALUES (113, 58);
INSERT INTO PRODUCT_CATEGORY (PRODUCT_ID, CATEGORY_ID) VALUES (114, 58);
INSERT INTO PRODUCT_CATEGORY (PRODUCT_ID, CATEGORY_ID) VALUES (115, 59);
INSERT INTO PRODUCT_CATEGORY (PRODUCT_ID, CATEGORY_ID) VALUES (116, 59);
INSERT INTO PRODUCT_CATEGORY (PRODUCT_ID, CATEGORY_ID) VALUES (117, 59);
INSERT INTO PRODUCT_CATEGORY (PRODUCT_ID, CATEGORY_ID) VALUES (118, 60);
INSERT INTO PRODUCT_CATEGORY (PRODUCT_ID, CATEGORY_ID) VALUES (119, 60);
INSERT INTO PRODUCT_CATEGORY (PRODUCT_ID, CATEGORY_ID) VALUES (120, 60);
INSERT INTO PRODUCT_CATEGORY (PRODUCT_ID, CATEGORY_ID) VALUES (121, 61);
INSERT INTO PRODUCT_CATEGORY (PRODUCT_ID, CATEGORY_ID) VALUES (122, 61);
INSERT INTO PRODUCT_CATEGORY (PRODUCT_ID, CATEGORY_ID) VALUES (123, 61);
INSERT INTO PRODUCT_CATEGORY (PRODUCT_ID, CATEGORY_ID) VALUES (124, 62);
INSERT INTO PRODUCT_CATEGORY (PRODUCT_ID, CATEGORY_ID) VALUES (125, 62);
INSERT INTO PRODUCT_CATEGORY (PRODUCT_ID, CATEGORY_ID) VALUES (126, 62);
INSERT INTO PRODUCT_CATEGORY (PRODUCT_ID, CATEGORY_ID) VALUES (127, 63);
INSERT INTO PRODUCT_CATEGORY (PRODUCT_ID, CATEGORY_ID) VALUES (128, 63);
INSERT INTO PRODUCT_CATEGORY (PRODUCT_ID, CATEGORY_ID) VALUES (129, 63);
INSERT INTO PRODUCT_CATEGORY (PRODUCT_ID, CATEGORY_ID) VALUES (130, 64);
INSERT INTO PRODUCT_CATEGORY (PRODUCT_ID, CATEGORY_ID) VALUES (131, 64);
INSERT INTO PRODUCT_CATEGORY (PRODUCT_ID, CATEGORY_ID) VALUES (132, 64);
INSERT INTO PRODUCT_CATEGORY (PRODUCT_ID, CATEGORY_ID) VALUES (133, 65);
INSERT INTO PRODUCT_CATEGORY (PRODUCT_ID, CATEGORY_ID) VALUES (134, 65);
INSERT INTO PRODUCT_CATEGORY (PRODUCT_ID, CATEGORY_ID) VALUES (135, 65);

# PROMOTION
INSERT INTO PROMOTION (ID, NAME, PERCENT_VALUE, START_DATE, END_DATE) VALUES (1, 'Zimowa promocja', 15, '2020-12-15', '2020-12-12');
INSERT INTO PROMOTION (ID, NAME, PERCENT_VALUE, START_DATE, END_DATE) VALUES (2, 'Black Week', 40, '2020-11-10', '2020-12-20');
INSERT INTO PROMOTION (ID, NAME, PERCENT_VALUE, START_DATE, END_DATE) VALUES (3, 'Czwartkowe okazje', 20, '2020-12-25', '2020-12-30');
INSERT INTO PROMOTION (ID, NAME, PERCENT_VALUE, START_DATE, END_DATE) VALUES (4, 'Zimowa wyprzedaż', 29, '2020-10-05', '2021-01-18');
INSERT INTO PROMOTION (ID, NAME, PERCENT_VALUE, START_DATE, END_DATE) VALUES (5, 'Okazja', 22, '2020-10-06', '2021-02-15');
INSERT INTO PROMOTION (ID, NAME, PERCENT_VALUE, START_DATE, END_DATE) VALUES (6, 'Wyprzedaż', 25, '2020-10-09', '2021-02-25');
INSERT INTO PROMOTION (ID, NAME, PERCENT_VALUE, START_DATE, END_DATE) VALUES (7, 'Wielka wyprzedaż', 27, '2020-10-12', '2021-03-19');
INSERT INTO PROMOTION (ID, NAME, PERCENT_VALUE, START_DATE, END_DATE) VALUES (8, 'Zimowa okazja', 24, '2020-10-14', '2021-04-19');
INSERT INTO PROMOTION (ID, NAME, PERCENT_VALUE, START_DATE, END_DATE) VALUES (9, 'Promocja na zakupy', 35, '2020-10-21', '2021-05-14');
INSERT INTO PROMOTION (ID, NAME, PERCENT_VALUE, START_DATE, END_DATE) VALUES (10, 'Świąteczne okazje', 20, '2020-10-23', '2021-05-20');
INSERT INTO PROMOTION (ID, NAME, PERCENT_VALUE, START_DATE, END_DATE) VALUES (11, 'Świąteczna promocja', 9, '2020-10-29', '2021-06-15');
INSERT INTO PROMOTION (ID, NAME, PERCENT_VALUE, START_DATE, END_DATE) VALUES (12, 'Miesiąc promocji', 19, '2020-11-02', '2021-06-18');
INSERT INTO PROMOTION (ID, NAME, PERCENT_VALUE, START_DATE, END_DATE) VALUES (13, 'Promocja', 2, '2020-11-03', '2021-06-21');
INSERT INTO PROMOTION (ID, NAME, PERCENT_VALUE, START_DATE, END_DATE) VALUES (14, 'Okazja dnia', 23, '2020-11-18', '2021-07-01');
INSERT INTO PROMOTION (ID, NAME, PERCENT_VALUE, START_DATE, END_DATE) VALUES (15, 'Wyprzedaż weekendowa', 35, '2020-11-24', '2021-07-28');

# PRODUCT_PROMOTION
INSERT INTO PRODUCT_PROMOTION (PRODUCT_ID, PROMOTION_ID) VALUES (1, 1);
INSERT INTO PRODUCT_PROMOTION (PRODUCT_ID, PROMOTION_ID) VALUES (3, 2);
INSERT INTO PRODUCT_PROMOTION (PRODUCT_ID, PROMOTION_ID) VALUES (5, 3);
INSERT INTO PRODUCT_PROMOTION (PRODUCT_ID, PROMOTION_ID) VALUES (7, 4);
INSERT INTO PRODUCT_PROMOTION (PRODUCT_ID, PROMOTION_ID) VALUES (9, 5);
INSERT INTO PRODUCT_PROMOTION (PRODUCT_ID, PROMOTION_ID) VALUES (11, 6);
INSERT INTO PRODUCT_PROMOTION (PRODUCT_ID, PROMOTION_ID) VALUES (13, 7);
INSERT INTO PRODUCT_PROMOTION (PRODUCT_ID, PROMOTION_ID) VALUES (15, 8);
INSERT INTO PRODUCT_PROMOTION (PRODUCT_ID, PROMOTION_ID) VALUES (17, 9);
INSERT INTO PRODUCT_PROMOTION (PRODUCT_ID, PROMOTION_ID) VALUES (19, 10);
INSERT INTO PRODUCT_PROMOTION (PRODUCT_ID, PROMOTION_ID) VALUES (21, 11);
INSERT INTO PRODUCT_PROMOTION (PRODUCT_ID, PROMOTION_ID) VALUES (23, 12);
INSERT INTO PRODUCT_PROMOTION (PRODUCT_ID, PROMOTION_ID) VALUES (25, 13);
INSERT INTO PRODUCT_PROMOTION (PRODUCT_ID, PROMOTION_ID) VALUES (27, 14);
INSERT INTO PRODUCT_PROMOTION (PRODUCT_ID, PROMOTION_ID) VALUES (29, 15);
INSERT INTO PRODUCT_PROMOTION (PRODUCT_ID, PROMOTION_ID) VALUES (31, 1);
INSERT INTO PRODUCT_PROMOTION (PRODUCT_ID, PROMOTION_ID) VALUES (33, 2);
INSERT INTO PRODUCT_PROMOTION (PRODUCT_ID, PROMOTION_ID) VALUES (35, 3);
INSERT INTO PRODUCT_PROMOTION (PRODUCT_ID, PROMOTION_ID) VALUES (37, 4);
INSERT INTO PRODUCT_PROMOTION (PRODUCT_ID, PROMOTION_ID) VALUES (39, 5);
INSERT INTO PRODUCT_PROMOTION (PRODUCT_ID, PROMOTION_ID) VALUES (41, 6);
INSERT INTO PRODUCT_PROMOTION (PRODUCT_ID, PROMOTION_ID) VALUES (43, 7);
INSERT INTO PRODUCT_PROMOTION (PRODUCT_ID, PROMOTION_ID) VALUES (45, 8);
INSERT INTO PRODUCT_PROMOTION (PRODUCT_ID, PROMOTION_ID) VALUES (47, 9);
INSERT INTO PRODUCT_PROMOTION (PRODUCT_ID, PROMOTION_ID) VALUES (49, 10);
INSERT INTO PRODUCT_PROMOTION (PRODUCT_ID, PROMOTION_ID) VALUES (51, 11);
INSERT INTO PRODUCT_PROMOTION (PRODUCT_ID, PROMOTION_ID) VALUES (53, 12);
INSERT INTO PRODUCT_PROMOTION (PRODUCT_ID, PROMOTION_ID) VALUES (55, 13);
INSERT INTO PRODUCT_PROMOTION (PRODUCT_ID, PROMOTION_ID) VALUES (57, 14);
INSERT INTO PRODUCT_PROMOTION (PRODUCT_ID, PROMOTION_ID) VALUES (59, 15);
INSERT INTO PRODUCT_PROMOTION (PRODUCT_ID, PROMOTION_ID) VALUES (61, 1);
INSERT INTO PRODUCT_PROMOTION (PRODUCT_ID, PROMOTION_ID) VALUES (63, 2);
INSERT INTO PRODUCT_PROMOTION (PRODUCT_ID, PROMOTION_ID) VALUES (65, 3);
INSERT INTO PRODUCT_PROMOTION (PRODUCT_ID, PROMOTION_ID) VALUES (67, 4);
INSERT INTO PRODUCT_PROMOTION (PRODUCT_ID, PROMOTION_ID) VALUES (69, 5);
INSERT INTO PRODUCT_PROMOTION (PRODUCT_ID, PROMOTION_ID) VALUES (71, 6);
INSERT INTO PRODUCT_PROMOTION (PRODUCT_ID, PROMOTION_ID) VALUES (73, 7);
INSERT INTO PRODUCT_PROMOTION (PRODUCT_ID, PROMOTION_ID) VALUES (75, 8);
INSERT INTO PRODUCT_PROMOTION (PRODUCT_ID, PROMOTION_ID) VALUES (77, 9);
INSERT INTO PRODUCT_PROMOTION (PRODUCT_ID, PROMOTION_ID) VALUES (79, 10);
INSERT INTO PRODUCT_PROMOTION (PRODUCT_ID, PROMOTION_ID) VALUES (81, 11);
INSERT INTO PRODUCT_PROMOTION (PRODUCT_ID, PROMOTION_ID) VALUES (83, 12);
INSERT INTO PRODUCT_PROMOTION (PRODUCT_ID, PROMOTION_ID) VALUES (85, 13);
INSERT INTO PRODUCT_PROMOTION (PRODUCT_ID, PROMOTION_ID) VALUES (87, 14);
INSERT INTO PRODUCT_PROMOTION (PRODUCT_ID, PROMOTION_ID) VALUES (89, 15);
INSERT INTO PRODUCT_PROMOTION (PRODUCT_ID, PROMOTION_ID) VALUES (91, 1);
INSERT INTO PRODUCT_PROMOTION (PRODUCT_ID, PROMOTION_ID) VALUES (93, 2);
INSERT INTO PRODUCT_PROMOTION (PRODUCT_ID, PROMOTION_ID) VALUES (95, 3);
INSERT INTO PRODUCT_PROMOTION (PRODUCT_ID, PROMOTION_ID) VALUES (97, 4);
INSERT INTO PRODUCT_PROMOTION (PRODUCT_ID, PROMOTION_ID) VALUES (99, 5);
INSERT INTO PRODUCT_PROMOTION (PRODUCT_ID, PROMOTION_ID) VALUES (101, 6);
INSERT INTO PRODUCT_PROMOTION (PRODUCT_ID, PROMOTION_ID) VALUES (103, 7);
INSERT INTO PRODUCT_PROMOTION (PRODUCT_ID, PROMOTION_ID) VALUES (105, 8);
INSERT INTO PRODUCT_PROMOTION (PRODUCT_ID, PROMOTION_ID) VALUES (107, 9);
INSERT INTO PRODUCT_PROMOTION (PRODUCT_ID, PROMOTION_ID) VALUES (109, 10);
INSERT INTO PRODUCT_PROMOTION (PRODUCT_ID, PROMOTION_ID) VALUES (111, 11);
INSERT INTO PRODUCT_PROMOTION (PRODUCT_ID, PROMOTION_ID) VALUES (113, 12);
INSERT INTO PRODUCT_PROMOTION (PRODUCT_ID, PROMOTION_ID) VALUES (115, 13);
INSERT INTO PRODUCT_PROMOTION (PRODUCT_ID, PROMOTION_ID) VALUES (117, 14);
INSERT INTO PRODUCT_PROMOTION (PRODUCT_ID, PROMOTION_ID) VALUES (119, 15);
INSERT INTO PRODUCT_PROMOTION (PRODUCT_ID, PROMOTION_ID) VALUES (121, 1);
INSERT INTO PRODUCT_PROMOTION (PRODUCT_ID, PROMOTION_ID) VALUES (123, 2);
INSERT INTO PRODUCT_PROMOTION (PRODUCT_ID, PROMOTION_ID) VALUES (1, 5);
INSERT INTO PRODUCT_PROMOTION (PRODUCT_ID, PROMOTION_ID) VALUES (3, 6);
INSERT INTO PRODUCT_PROMOTION (PRODUCT_ID, PROMOTION_ID) VALUES (5, 7);
INSERT INTO PRODUCT_PROMOTION (PRODUCT_ID, PROMOTION_ID) VALUES (7, 8);
INSERT INTO PRODUCT_PROMOTION (PRODUCT_ID, PROMOTION_ID) VALUES (9, 9);
INSERT INTO PRODUCT_PROMOTION (PRODUCT_ID, PROMOTION_ID) VALUES (11, 10);
INSERT INTO PRODUCT_PROMOTION (PRODUCT_ID, PROMOTION_ID) VALUES (13, 11);
INSERT INTO PRODUCT_PROMOTION (PRODUCT_ID, PROMOTION_ID) VALUES (15, 12);
INSERT INTO PRODUCT_PROMOTION (PRODUCT_ID, PROMOTION_ID) VALUES (17, 13);
INSERT INTO PRODUCT_PROMOTION (PRODUCT_ID, PROMOTION_ID) VALUES (19, 14);
INSERT INTO PRODUCT_PROMOTION (PRODUCT_ID, PROMOTION_ID) VALUES (21, 15);
INSERT INTO PRODUCT_PROMOTION (PRODUCT_ID, PROMOTION_ID) VALUES (23, 1);
INSERT INTO PRODUCT_PROMOTION (PRODUCT_ID, PROMOTION_ID) VALUES (25, 2);
INSERT INTO PRODUCT_PROMOTION (PRODUCT_ID, PROMOTION_ID) VALUES (27, 3);
INSERT INTO PRODUCT_PROMOTION (PRODUCT_ID, PROMOTION_ID) VALUES (29, 4);
INSERT INTO PRODUCT_PROMOTION (PRODUCT_ID, PROMOTION_ID) VALUES (31, 5);
INSERT INTO PRODUCT_PROMOTION (PRODUCT_ID, PROMOTION_ID) VALUES (33, 6);
INSERT INTO PRODUCT_PROMOTION (PRODUCT_ID, PROMOTION_ID) VALUES (35, 7);
INSERT INTO PRODUCT_PROMOTION (PRODUCT_ID, PROMOTION_ID) VALUES (37, 8);
INSERT INTO PRODUCT_PROMOTION (PRODUCT_ID, PROMOTION_ID) VALUES (39, 9);

# REVIEW
INSERT INTO REVIEW (ID, USER_ID, PRODUCT_ID, PLUS_RATE, MINUS_RATE, REVIEW_COMMENT, CREATION_DATE) VALUES (1, 1, 1, 2, 0, 'Zdjęcia w albumie bardzo ładnie się prezentują. Polecam zakup!', '2021-01-01 12:05:00');
INSERT INTO REVIEW (ID, USER_ID, PRODUCT_ID, PLUS_RATE, MINUS_RATE, REVIEW_COMMENT, CREATION_DATE) VALUES (2, 2, 18, 2, 1, 'Nullam aliquet lorem. Phasellus metus gravida ornare. Maecenas interdum malesuada. In urna. Cras faucibus ipsum.', '2021-01-04 11:20:00');
INSERT INTO REVIEW (ID, USER_ID, PRODUCT_ID, PLUS_RATE, MINUS_RATE, REVIEW_COMMENT, CREATION_DATE) VALUES (3, 3, 107, 1, 0, 'Etiam varius, sem sit amet leo. In molestie sed, ullamcorper id, placerat eget, dolor. Nullam.', '2021-01-05 07:01:00');
INSERT INTO REVIEW (ID, USER_ID, PRODUCT_ID, PLUS_RATE, MINUS_RATE, REVIEW_COMMENT, CREATION_DATE) VALUES (4, 4, 7, 1, 1, 'Mauris viverra vel, ipsum. Proin erat volutpat. Nullam aliquet, lacus iaculis pede interdum consectetuer vestibulum.', '2021-01-06 16:10:00');
INSERT INTO REVIEW (ID, USER_ID, PRODUCT_ID, PLUS_RATE, MINUS_RATE, REVIEW_COMMENT, CREATION_DATE) VALUES (5, 5, 82, 2, 0, 'Nam lorem eros sagittis ac, pede. Curabitur urna sit amet nunc eget sem. Nam eget.', '2021-01-07 18:02:00');
INSERT INTO REVIEW (ID, USER_ID, PRODUCT_ID, PLUS_RATE, MINUS_RATE, REVIEW_COMMENT, CREATION_DATE) VALUES (6, 6, 95, 1, 0, 'Aliquam ultricies est. Integer auctor augue id elit consequat sed, dapibus dui, fermentum aliquam, purus.', '2021-01-08 13:20:00');
INSERT INTO REVIEW (ID, USER_ID, PRODUCT_ID, PLUS_RATE, MINUS_RATE, REVIEW_COMMENT, CREATION_DATE) VALUES (7, 7, 83, 1, 0, 'In purus eu nunc. Etiam imperdiet, nisl neque at lorem libero, pharetra leo. Suspendisse at.', '2021-01-11 22:03:00');
INSERT INTO REVIEW (ID, USER_ID, PRODUCT_ID, PLUS_RATE, MINUS_RATE, REVIEW_COMMENT, CREATION_DATE) VALUES (8, 8, 45, 2, 1, 'Maecenas scelerisque, dui a urna. Aliquam dolor sit amet, lacinia arcu faucibus justo. Nulla facilisi.', '2021-01-12 21:42:00');
INSERT INTO REVIEW (ID, USER_ID, PRODUCT_ID, PLUS_RATE, MINUS_RATE, REVIEW_COMMENT, CREATION_DATE) VALUES (9, 9, 62, 1, 0, 'Vivamus magna. Vestibulum ante ipsum dolor sit amet, consectetuer pede, a massa sapien, non purus.', '2021-01-13 03:50:00');
INSERT INTO REVIEW (ID, USER_ID, PRODUCT_ID, PLUS_RATE, MINUS_RATE, REVIEW_COMMENT, CREATION_DATE) VALUES (10, 10, 92, 1, 1, 'Fusce ullamcorper orci luctus et netus et netus et nisl pellentesque non, sagittis vel, augue.', '2021-01-14 05:01:00');
INSERT INTO REVIEW (ID, USER_ID, PRODUCT_ID, PLUS_RATE, MINUS_RATE, REVIEW_COMMENT, CREATION_DATE) VALUES (11, 11, 120, 2, 0, 'Aenean sed ante ipsum primis in faucibus sem urna eget quam enim, sagittis leo, suscipit.', '2021-01-18 12:05:00');
INSERT INTO REVIEW (ID, USER_ID, PRODUCT_ID, PLUS_RATE, MINUS_RATE, REVIEW_COMMENT, CREATION_DATE) VALUES (12, 12, 32, 1, 0, 'Vestibulum rutrum ac, ultricies eu, elit. Sed ligula nunc, ac eros porttitor lacus et turpis.', '2021-01-19 11:20:00');
INSERT INTO REVIEW (ID, USER_ID, PRODUCT_ID, PLUS_RATE, MINUS_RATE, REVIEW_COMMENT, CREATION_DATE) VALUES (13, 13, 9, 1, 0, 'Integer in dui. Aenean nonummy diam ac turpis egestas. Suspendisse dignissim vitae, facilisis est diam.', '2021-01-20 07:01:00');
INSERT INTO REVIEW (ID, USER_ID, PRODUCT_ID, PLUS_RATE, MINUS_RATE, REVIEW_COMMENT, CREATION_DATE) VALUES (14, 14, 81, 2, 1, 'Aliquam rhoncus suscipit. Suspendisse eu mauris non dui. Aliquam nulla. Etiam nunc vel turpis et.', '2021-01-21 16:10:00');
INSERT INTO REVIEW (ID, USER_ID, PRODUCT_ID, PLUS_RATE, MINUS_RATE, REVIEW_COMMENT, CREATION_DATE) VALUES (15, 15, 22, 1, 0, 'Duis sodales nulla nec libero. In congue quis, velit. Cras magna diam, varius egestas, orci.', '2021-01-22 18:02:00');
INSERT INTO REVIEW (ID, USER_ID, PRODUCT_ID, PLUS_RATE, MINUS_RATE, REVIEW_COMMENT, CREATION_DATE) VALUES (16, 16, 44, 1, 1, 'Curae, Cras ornare ligula faucibus sem laoreet ut, laoreet feugiat. Cum sociis natoque penatibus et.', '2021-01-25 13:20:00');
INSERT INTO REVIEW (ID, USER_ID, PRODUCT_ID, PLUS_RATE, MINUS_RATE, REVIEW_COMMENT, CREATION_DATE) VALUES (17, 17, 99, 2, 0, 'Vivamus fermentum in, suscipit sapien et orci blandit tempus euismod. Ut molestie mauris. Etiam ut.', '2021-01-26 22:03:00');
INSERT INTO REVIEW (ID, USER_ID, PRODUCT_ID, PLUS_RATE, MINUS_RATE, REVIEW_COMMENT, CREATION_DATE) VALUES (18, 18, 66, 1, 0, 'Sed placerat elementum eros in vehicula sed, erat. Duis a arcu. Suspendisse fermentum ante ipsum.', '2021-01-27 21:42:00');
INSERT INTO REVIEW (ID, USER_ID, PRODUCT_ID, PLUS_RATE, MINUS_RATE, REVIEW_COMMENT, CREATION_DATE) VALUES (19, 19, 52, 1, 0, 'In nec tincidunt nec, velit. Integer pharetra varius. In hendrerit feugiat facilisis dignissim faucibus, justo.', '2021-01-28 03:50:00');
INSERT INTO REVIEW (ID, USER_ID, PRODUCT_ID, PLUS_RATE, MINUS_RATE, REVIEW_COMMENT, CREATION_DATE) VALUES (20, 20, 128, 2, 1, 'Pellentesque habitant morbi tristique senectus et ultrices ut, placerat a, rutrum rhoncus. Praesent ante. Morbi.', '2021-01-29 05:01:00');
INSERT INTO REVIEW (ID, USER_ID, PRODUCT_ID, PLUS_RATE, MINUS_RATE, REVIEW_COMMENT, CREATION_DATE) VALUES (21, 1, 10, 1, 0, 'Nam rhoncus, dui sed massa molestie placerat, nisl ac augue. Vestibulum consectetuer adipiscing elit. Cum.', '2021-01-01 12:05:00');
INSERT INTO REVIEW (ID, USER_ID, PRODUCT_ID, PLUS_RATE, MINUS_RATE, REVIEW_COMMENT, CREATION_DATE) VALUES (22, 2, 63, 1, 1, 'Cras tortor orci ac pede. Cras ornare. Nam nunc interdum faucibus, erat eu dui sed.', '2021-01-04 11:20:00');
INSERT INTO REVIEW (ID, USER_ID, PRODUCT_ID, PLUS_RATE, MINUS_RATE, REVIEW_COMMENT, CREATION_DATE) VALUES (23, 3, 96, 2, 0, 'Class aptent taciti sociosqu ad litora torquent per inceptos hymenaeos. Sed eget dolor. Donec congue.', '2021-01-05 07:01:00');
INSERT INTO REVIEW (ID, USER_ID, PRODUCT_ID, PLUS_RATE, MINUS_RATE, REVIEW_COMMENT, CREATION_DATE) VALUES (24, 4, 32, 1, 0, 'Ut a venenatis tristique, urna ut nisl. Sed pulvinar diam felis, in dictum velit, fermentum.', '2021-01-06 16:10:00');
INSERT INTO REVIEW (ID, USER_ID, PRODUCT_ID, PLUS_RATE, MINUS_RATE, REVIEW_COMMENT, CREATION_DATE) VALUES (25, 5, 102, 1, 0, 'Etiam risus vehicula dolor nonummy consequat. Donec at quam. Donec nulla eu tortor. Proin quis.', '2021-01-07 18:02:00');
INSERT INTO REVIEW (ID, USER_ID, PRODUCT_ID, PLUS_RATE, MINUS_RATE, REVIEW_COMMENT, CREATION_DATE) VALUES (26, 6, 104, 2, 1, 'Phasellus vitae velit libero quis erat. Suspendisse dapibus aliquam. In hac habitasse platea dictumst. Nunc.', '2021-01-08 13:20:00');
INSERT INTO REVIEW (ID, USER_ID, PRODUCT_ID, PLUS_RATE, MINUS_RATE, REVIEW_COMMENT, CREATION_DATE) VALUES (27, 7, 4, 1, 0, 'Cras justo nec dui. Vestibulum aliquam eget, bibendum iaculis at, tellus. Proin nunc sem, vulputate.', '2021-01-11 22:03:00');
INSERT INTO REVIEW (ID, USER_ID, PRODUCT_ID, PLUS_RATE, MINUS_RATE, REVIEW_COMMENT, CREATION_DATE) VALUES (28, 8, 134, 1, 1, 'Phasellus mollis. Cras congue, lorem sapien, sagittis lorem. Pellentesque ac libero. Proin sodales. Quisque in.', '2021-01-12 21:42:00');
INSERT INTO REVIEW (ID, USER_ID, PRODUCT_ID, PLUS_RATE, MINUS_RATE, REVIEW_COMMENT, CREATION_DATE) VALUES (29, 9, 32, 2, 0, 'Suspendisse eu pede sit amet sapien pede purus, vulputate imperdiet, risus vehicula viverra, est eu.', '2021-01-13 03:50:00');
INSERT INTO REVIEW (ID, USER_ID, PRODUCT_ID, PLUS_RATE, MINUS_RATE, REVIEW_COMMENT, CREATION_DATE) VALUES (30, 10, 72, 1, 0, 'Lorem ipsum primis in ornare mi porttitor a, imperdiet quis, interdum eu, elit. Mauris viverra.', '2021-01-14 05:01:00');
INSERT INTO REVIEW (ID, USER_ID, PRODUCT_ID, PLUS_RATE, MINUS_RATE, REVIEW_COMMENT, CREATION_DATE) VALUES (31, 11, 71, 1, 0, 'Aenean aliquet. In hac habitasse platea dictumst. Vestibulum laoreet hendrerit nulla sed neque. Maecenas sapien.', '2021-01-18 12:05:00');
INSERT INTO REVIEW (ID, USER_ID, PRODUCT_ID, PLUS_RATE, MINUS_RATE, REVIEW_COMMENT, CREATION_DATE) VALUES (32, 12, 88, 2, 1, 'Sed in augue. Donec condimentum, pulvinar interdum. Nulla gravida tempor, dolor eu turpis gravida ornare.', '2021-01-19 11:20:00');
INSERT INTO REVIEW (ID, USER_ID, PRODUCT_ID, PLUS_RATE, MINUS_RATE, REVIEW_COMMENT, CREATION_DATE) VALUES (33, 13, 21, 1, 0, 'Ut nonummy. Nam laoreet enim. Sed aliquet eget, dictum sit amet, consectetuer adipiscing elit. In.', '2021-01-20 07:01:00');
INSERT INTO REVIEW (ID, USER_ID, PRODUCT_ID, PLUS_RATE, MINUS_RATE, REVIEW_COMMENT, CREATION_DATE) VALUES (34, 14, 109, 1, 1, 'Ut libero dolor, placerat eget, eros. Vivamus posuere sit amet quam. Donec erat ornare lobortis.', '2021-01-21 16:10:00');
INSERT INTO REVIEW (ID, USER_ID, PRODUCT_ID, PLUS_RATE, MINUS_RATE, REVIEW_COMMENT, CREATION_DATE) VALUES (35, 15, 54, 2, 0, 'Etiam varius, sem sit amet leo. In molestie sed, ullamcorper id, placerat eget, dolor. Nullam.', '2021-01-22 18:02:00');
INSERT INTO REVIEW (ID, USER_ID, PRODUCT_ID, PLUS_RATE, MINUS_RATE, REVIEW_COMMENT, CREATION_DATE) VALUES (36, 16, 60, 1, 0, 'Aliquam feugiat ultrices posuere eget, lacinia eget, lacinia arcu massa, feugiat tortor massa placerat scelerisque.', '2021-01-25 13:20:00');
INSERT INTO REVIEW (ID, USER_ID, PRODUCT_ID, PLUS_RATE, MINUS_RATE, REVIEW_COMMENT, CREATION_DATE) VALUES (37, 17, 32, 1, 0, 'Nam lorem eros sagittis ac, pede. Curabitur urna sit amet nunc eget sem. Nam eget.', '2021-01-26 22:03:00');
INSERT INTO REVIEW (ID, USER_ID, PRODUCT_ID, PLUS_RATE, MINUS_RATE, REVIEW_COMMENT, CREATION_DATE) VALUES (38, 18, 60, 2, 1, 'Nulla lobortis augue commodo id, condimentum sem in nulla ac nunc vitae pede quis consectetuer.', '2021-01-27 21:42:00');
INSERT INTO REVIEW (ID, USER_ID, PRODUCT_ID, PLUS_RATE, MINUS_RATE, REVIEW_COMMENT, CREATION_DATE) VALUES (39, 19, 2, 1, 0, 'In purus eu nunc. Etiam imperdiet, nisl neque at lorem libero, pharetra leo. Suspendisse at.', '2021-01-28 03:50:00');
INSERT INTO REVIEW (ID, USER_ID, PRODUCT_ID, PLUS_RATE, MINUS_RATE, REVIEW_COMMENT, CREATION_DATE) VALUES (40, 20, 98, 1, 1, 'Donec at sem. Donec molestie sed, congue sem. Etiam ut leo elit tincidunt viverra. Mauris.', '2021-01-29 05:01:00');
INSERT INTO REVIEW (ID, USER_ID, PRODUCT_ID, PLUS_RATE, MINUS_RATE, REVIEW_COMMENT, CREATION_DATE) VALUES (41, 1, 135, 2, 0, 'Vivamus magna. Vestibulum ante ipsum dolor sit amet, consectetuer pede, a massa sapien, non purus.', '2021-01-01 12:05:00');
INSERT INTO REVIEW (ID, USER_ID, PRODUCT_ID, PLUS_RATE, MINUS_RATE, REVIEW_COMMENT, CREATION_DATE) VALUES (42, 2, 60, 1, 0, 'Sed pulvinar nec, posuere ante ipsum primis in faucibus sit amet quam. Nam eu elementum.', '2021-01-04 11:20:00');
INSERT INTO REVIEW (ID, USER_ID, PRODUCT_ID, PLUS_RATE, MINUS_RATE, REVIEW_COMMENT, CREATION_DATE) VALUES (43, 3, 50, 1, 0, 'Aenean sed ante ipsum primis in faucibus sem urna eget quam enim, sagittis leo, suscipit.', '2021-01-05 07:01:00');
INSERT INTO REVIEW (ID, USER_ID, PRODUCT_ID, PLUS_RATE, MINUS_RATE, REVIEW_COMMENT, CREATION_DATE) VALUES (44, 4, 96, 2, 1, 'Donec vitae ultrices posuere cubilia Curae, In vehicula erat. Sed tristique senectus et ultrices nec.', '2021-01-06 16:10:00');
INSERT INTO REVIEW (ID, USER_ID, PRODUCT_ID, PLUS_RATE, MINUS_RATE, REVIEW_COMMENT, CREATION_DATE) VALUES (45, 5, 70, 1, 0, 'Integer in dui. Aenean nonummy diam ac turpis egestas. Suspendisse dignissim vitae, facilisis est diam.', '2021-01-07 18:02:00');
INSERT INTO REVIEW (ID, USER_ID, PRODUCT_ID, PLUS_RATE, MINUS_RATE, REVIEW_COMMENT, CREATION_DATE) VALUES (46, 6, 67, 1, 1, 'Vivamus fermentum erat. Pellentesque tortor. Nunc sapien. Quisque arcu nec magna. Etiam accumsan cursus quis.', '2021-01-08 13:20:00');
INSERT INTO REVIEW (ID, USER_ID, PRODUCT_ID, PLUS_RATE, MINUS_RATE, REVIEW_COMMENT, CREATION_DATE) VALUES (47, 7, 120, 2, 0, 'Duis sodales nulla nec libero. In congue quis, velit. Cras magna diam, varius egestas, orci.', '2021-01-11 22:03:00');
INSERT INTO REVIEW (ID, USER_ID, PRODUCT_ID, PLUS_RATE, MINUS_RATE, REVIEW_COMMENT, CREATION_DATE) VALUES (48, 8, 91, 1, 0, 'Fusce vel massa. Nulla et magnis dis parturient montes, nascetur ridiculus mus. Donec odio eget.', '2021-01-12 21:42:00');
INSERT INTO REVIEW (ID, USER_ID, PRODUCT_ID, PLUS_RATE, MINUS_RATE, REVIEW_COMMENT, CREATION_DATE) VALUES (49, 9, 3, 1, 0, 'Vivamus fermentum in, suscipit sapien et orci blandit tempus euismod. Ut molestie mauris. Etiam ut.', '2021-01-13 03:50:00');
INSERT INTO REVIEW (ID, USER_ID, PRODUCT_ID, PLUS_RATE, MINUS_RATE, REVIEW_COMMENT, CREATION_DATE) VALUES (50, 10, 20, 2, 1, 'Aliquam interdum arcu massa, tincidunt congue. Nunc id tortor eget urna. Aenean quis pede sed.', '2021-01-14 05:01:00');
INSERT INTO REVIEW (ID, USER_ID, PRODUCT_ID, PLUS_RATE, MINUS_RATE, REVIEW_COMMENT, CREATION_DATE) VALUES (51, 11, 74, 1, 0, 'In nec tincidunt nec, velit. Integer pharetra varius. In hendrerit feugiat facilisis dignissim faucibus, justo.', '2021-01-18 12:05:00');
INSERT INTO REVIEW (ID, USER_ID, PRODUCT_ID, PLUS_RATE, MINUS_RATE, REVIEW_COMMENT, CREATION_DATE) VALUES (52, 12, 41, 1, 1, 'Etiam tellus. Cum sociis natoque penatibus et metus. Curabitur ultrices posuere vitae, imperdiet id, pretium.', '2021-01-19 11:20:00');
INSERT INTO REVIEW (ID, USER_ID, PRODUCT_ID, PLUS_RATE, MINUS_RATE, REVIEW_COMMENT, CREATION_DATE) VALUES (53, 13, 88, 2, 0, 'Nam rhoncus, dui sed massa molestie placerat, nisl ac augue. Vestibulum consectetuer adipiscing elit. Cum.', '2021-01-20 07:01:00');
INSERT INTO REVIEW (ID, USER_ID, PRODUCT_ID, PLUS_RATE, MINUS_RATE, REVIEW_COMMENT, CREATION_DATE) VALUES (54, 14, 95, 1, 0, 'Vestibulum aliquam dolor. Pellentesque vel dolor. In nonummy. Phasellus sapien id elementum diam ut enim.', '2021-01-21 16:10:00');
INSERT INTO REVIEW (ID, USER_ID, PRODUCT_ID, PLUS_RATE, MINUS_RATE, REVIEW_COMMENT, CREATION_DATE) VALUES (55, 15, 73, 1, 0, 'Class aptent taciti sociosqu ad litora torquent per inceptos hymenaeos. Sed eget dolor. Donec congue.', '2021-01-22 18:02:00');
INSERT INTO REVIEW (ID, USER_ID, PRODUCT_ID, PLUS_RATE, MINUS_RATE, REVIEW_COMMENT, CREATION_DATE) VALUES (56, 16, 12, 2, 1, 'Morbi justo. Nam placerat nisl nulla eu mauris. Aliquam erat eu justo. Sed non eros.', '2021-01-25 13:20:00');
INSERT INTO REVIEW (ID, USER_ID, PRODUCT_ID, PLUS_RATE, MINUS_RATE, REVIEW_COMMENT, CREATION_DATE) VALUES (57, 17, 51, 1, 0, 'Etiam risus vehicula dolor nonummy consequat. Donec at quam. Donec nulla eu tortor. Proin quis.', '2021-01-26 22:03:00');
INSERT INTO REVIEW (ID, USER_ID, PRODUCT_ID, PLUS_RATE, MINUS_RATE, REVIEW_COMMENT, CREATION_DATE) VALUES (58, 18, 131, 1, 1, 'Etiam ut lorem. Maecenas in faucibus orci dui, ultrices sit amet, libero. Class aptent taciti.', '2021-01-27 21:42:00');
INSERT INTO REVIEW (ID, USER_ID, PRODUCT_ID, PLUS_RATE, MINUS_RATE, REVIEW_COMMENT, CREATION_DATE) VALUES (59, 19, 69, 2, 0, 'Cras justo nec dui. Vestibulum aliquam eget, bibendum iaculis at, tellus. Proin nunc sem, vulputate.', '2021-01-28 03:50:00');
INSERT INTO REVIEW (ID, USER_ID, PRODUCT_ID, PLUS_RATE, MINUS_RATE, REVIEW_COMMENT, CREATION_DATE) VALUES (60, 20, 125, 1, 0, 'Curabitur urna eu nulla. Suspendisse sollicitudin. Praesent pretium. Praesent est et magnis dis parturient montes.', '2021-01-29 05:01:00');
INSERT INTO REVIEW (ID, USER_ID, PRODUCT_ID, PLUS_RATE, MINUS_RATE, REVIEW_COMMENT, CREATION_DATE) VALUES (61, 1, 45, 1, 0, 'Suspendisse eu pede sit amet sapien pede purus, vulputate imperdiet, risus vehicula viverra, est eu.', '2021-01-01 12:05:00');
INSERT INTO REVIEW (ID, USER_ID, PRODUCT_ID, PLUS_RATE, MINUS_RATE, REVIEW_COMMENT, CREATION_DATE) VALUES (62, 2, 83, 2, 1, 'Nullam aliquet lorem. Phasellus metus gravida ornare. Maecenas interdum malesuada. In urna. Cras faucibus ipsum.', '2021-01-04 11:20:00');
INSERT INTO REVIEW (ID, USER_ID, PRODUCT_ID, PLUS_RATE, MINUS_RATE, REVIEW_COMMENT, CREATION_DATE) VALUES (63, 3, 134, 1, 0, 'Ut nonummy. Nam laoreet enim. Sed aliquet eget, dictum sit amet, consectetuer adipiscing elit. In.', '2021-01-05 07:01:00');
INSERT INTO REVIEW (ID, USER_ID, PRODUCT_ID, PLUS_RATE, MINUS_RATE, REVIEW_COMMENT, CREATION_DATE) VALUES (64, 4, 55, 1, 1, 'Mauris viverra vel, ipsum. Proin erat volutpat. Nullam aliquet, lacus iaculis pede interdum consectetuer vestibulum.', '2021-01-06 16:10:00');
INSERT INTO REVIEW (ID, USER_ID, PRODUCT_ID, PLUS_RATE, MINUS_RATE, REVIEW_COMMENT, CREATION_DATE) VALUES (65, 5, 74, 2, 0, 'Etiam varius, sem sit amet leo. In molestie sed, ullamcorper id, placerat eget, dolor. Nullam.', '2021-01-07 18:02:00');
INSERT INTO REVIEW (ID, USER_ID, PRODUCT_ID, PLUS_RATE, MINUS_RATE, REVIEW_COMMENT, CREATION_DATE) VALUES (66, 6, 3, 1, 0, 'Aliquam ultricies est. Integer auctor augue id elit consequat sed, dapibus dui, fermentum aliquam, purus.', '2021-01-08 13:20:00');
INSERT INTO REVIEW (ID, USER_ID, PRODUCT_ID, PLUS_RATE, MINUS_RATE, REVIEW_COMMENT, CREATION_DATE) VALUES (67, 7, 50, 1, 0, 'Nam lorem eros sagittis ac, pede. Curabitur urna sit amet nunc eget sem. Nam eget.', '2021-01-11 22:03:00');
INSERT INTO REVIEW (ID, USER_ID, PRODUCT_ID, PLUS_RATE, MINUS_RATE, REVIEW_COMMENT, CREATION_DATE) VALUES (68, 8, 9, 2, 1, 'Maecenas scelerisque, dui a urna. Aliquam dolor sit amet, lacinia arcu faucibus justo. Nulla facilisi.', '2021-01-12 21:42:00');
INSERT INTO REVIEW (ID, USER_ID, PRODUCT_ID, PLUS_RATE, MINUS_RATE, REVIEW_COMMENT, CREATION_DATE) VALUES (69, 9, 10, 1, 0, 'In purus eu nunc. Etiam imperdiet, nisl neque at lorem libero, pharetra leo. Suspendisse at.', '2021-01-13 03:50:00');
INSERT INTO REVIEW (ID, USER_ID, PRODUCT_ID, PLUS_RATE, MINUS_RATE, REVIEW_COMMENT, CREATION_DATE) VALUES (70, 10, 108, 1, 1, 'Fusce ullamcorper orci luctus et netus et netus et nisl pellentesque non, sagittis vel, augue.', '2021-01-14 05:01:00');
INSERT INTO REVIEW (ID, USER_ID, PRODUCT_ID, PLUS_RATE, MINUS_RATE, REVIEW_COMMENT, CREATION_DATE) VALUES (71, 11, 99, 2, 0, 'Vivamus magna. Vestibulum ante ipsum dolor sit amet, consectetuer pede, a massa sapien, non purus.', '2021-01-18 12:05:00');
INSERT INTO REVIEW (ID, USER_ID, PRODUCT_ID, PLUS_RATE, MINUS_RATE, REVIEW_COMMENT, CREATION_DATE) VALUES (72, 12, 97, 1, 0, 'Vestibulum rutrum ac, ultricies eu, elit. Sed ligula nunc, ac eros porttitor lacus et turpis.', '2021-01-19 11:20:00');
INSERT INTO REVIEW (ID, USER_ID, PRODUCT_ID, PLUS_RATE, MINUS_RATE, REVIEW_COMMENT, CREATION_DATE) VALUES (73, 13, 70, 1, 0, 'Aenean sed ante ipsum primis in faucibus sem urna eget quam enim, sagittis leo, suscipit.', '2021-01-20 07:01:00');
INSERT INTO REVIEW (ID, USER_ID, PRODUCT_ID, PLUS_RATE, MINUS_RATE, REVIEW_COMMENT, CREATION_DATE) VALUES (74, 14, 114, 2, 1, 'Aliquam rhoncus suscipit. Suspendisse eu mauris non dui. Aliquam nulla. Etiam nunc vel turpis et.', '2021-01-21 16:10:00');
INSERT INTO REVIEW (ID, USER_ID, PRODUCT_ID, PLUS_RATE, MINUS_RATE, REVIEW_COMMENT, CREATION_DATE) VALUES (75, 15, 32, 1, 0, 'Integer in dui. Aenean nonummy diam ac turpis egestas. Suspendisse dignissim vitae, facilisis est diam.', '2021-01-22 18:02:00');
INSERT INTO REVIEW (ID, USER_ID, PRODUCT_ID, PLUS_RATE, MINUS_RATE, REVIEW_COMMENT, CREATION_DATE) VALUES (76, 16, 114, 1, 1, 'Curae, Cras ornare ligula faucibus sem laoreet ut, laoreet feugiat. Cum sociis natoque penatibus et.', '2021-01-25 13:20:00');
INSERT INTO REVIEW (ID, USER_ID, PRODUCT_ID, PLUS_RATE, MINUS_RATE, REVIEW_COMMENT, CREATION_DATE) VALUES (77, 17, 37, 2, 0, 'Duis sodales nulla nec libero. In congue quis, velit. Cras magna diam, varius egestas, orci.', '2021-01-26 22:03:00');
INSERT INTO REVIEW (ID, USER_ID, PRODUCT_ID, PLUS_RATE, MINUS_RATE, REVIEW_COMMENT, CREATION_DATE) VALUES (78, 18, 66, 1, 0, 'Sed placerat elementum eros in vehicula sed, erat. Duis a arcu. Suspendisse fermentum ante ipsum.', '2021-01-27 21:42:00');
INSERT INTO REVIEW (ID, USER_ID, PRODUCT_ID, PLUS_RATE, MINUS_RATE, REVIEW_COMMENT, CREATION_DATE) VALUES (79, 19, 64, 1, 0, 'Vivamus fermentum in, suscipit sapien et orci blandit tempus euismod. Ut molestie mauris. Etiam ut.', '2021-01-28 03:50:00');
INSERT INTO REVIEW (ID, USER_ID, PRODUCT_ID, PLUS_RATE, MINUS_RATE, REVIEW_COMMENT, CREATION_DATE) VALUES (80, 20, 92, 2, 1, 'Pellentesque habitant morbi tristique senectus et ultrices ut, placerat a, rutrum rhoncus. Praesent ante. Morbi.', '2021-01-29 05:01:00');
INSERT INTO REVIEW (ID, USER_ID, PRODUCT_ID, PLUS_RATE, MINUS_RATE, REVIEW_COMMENT, CREATION_DATE) VALUES (81, 1, 45, 1, 0, 'In nec tincidunt nec, velit. Integer pharetra varius. In hendrerit feugiat facilisis dignissim faucibus, justo.', '2021-01-01 12:05:00');
INSERT INTO REVIEW (ID, USER_ID, PRODUCT_ID, PLUS_RATE, MINUS_RATE, REVIEW_COMMENT, CREATION_DATE) VALUES (82, 2, 27, 1, 1, 'Cras tortor orci ac pede. Cras ornare. Nam nunc interdum faucibus, erat eu dui sed.', '2021-01-04 11:20:00');
INSERT INTO REVIEW (ID, USER_ID, PRODUCT_ID, PLUS_RATE, MINUS_RATE, REVIEW_COMMENT, CREATION_DATE) VALUES (83, 3, 13, 2, 0, 'Nam rhoncus, dui sed massa molestie placerat, nisl ac augue. Vestibulum consectetuer adipiscing elit. Cum.', '2021-01-05 07:01:00');
INSERT INTO REVIEW (ID, USER_ID, PRODUCT_ID, PLUS_RATE, MINUS_RATE, REVIEW_COMMENT, CREATION_DATE) VALUES (84, 4, 92, 1, 0, 'Ut a venenatis tristique, urna ut nisl. Sed pulvinar diam felis, in dictum velit, fermentum.', '2021-01-06 16:10:00');
INSERT INTO REVIEW (ID, USER_ID, PRODUCT_ID, PLUS_RATE, MINUS_RATE, REVIEW_COMMENT, CREATION_DATE) VALUES (85, 5, 37, 1, 0, 'Class aptent taciti sociosqu ad litora torquent per inceptos hymenaeos. Sed eget dolor. Donec congue.', '2021-01-07 18:02:00');
INSERT INTO REVIEW (ID, USER_ID, PRODUCT_ID, PLUS_RATE, MINUS_RATE, REVIEW_COMMENT, CREATION_DATE) VALUES (86, 6, 64, 2, 1, 'Phasellus vitae velit libero quis erat. Suspendisse dapibus aliquam. In hac habitasse platea dictumst. Nunc.', '2021-01-08 13:20:00');
INSERT INTO REVIEW (ID, USER_ID, PRODUCT_ID, PLUS_RATE, MINUS_RATE, REVIEW_COMMENT, CREATION_DATE) VALUES (87, 7, 131, 1, 0, 'Etiam risus vehicula dolor nonummy consequat. Donec at quam. Donec nulla eu tortor. Proin quis.', '2021-01-11 22:03:00');
INSERT INTO REVIEW (ID, USER_ID, PRODUCT_ID, PLUS_RATE, MINUS_RATE, REVIEW_COMMENT, CREATION_DATE) VALUES (88, 8, 126, 1, 1, 'Phasellus mollis. Cras congue, lorem sapien, sagittis lorem. Pellentesque ac libero. Proin sodales. Quisque in.', '2021-01-12 21:42:00');
INSERT INTO REVIEW (ID, USER_ID, PRODUCT_ID, PLUS_RATE, MINUS_RATE, REVIEW_COMMENT, CREATION_DATE) VALUES (89, 9, 108, 2, 0, 'Cras justo nec dui. Vestibulum aliquam eget, bibendum iaculis at, tellus. Proin nunc sem, vulputate.', '2021-01-13 03:50:00');
INSERT INTO REVIEW (ID, USER_ID, PRODUCT_ID, PLUS_RATE, MINUS_RATE, REVIEW_COMMENT, CREATION_DATE) VALUES (90, 10, 88, 1, 0, 'Lorem ipsum primis in ornare mi porttitor a, imperdiet quis, interdum eu, elit. Mauris viverra.', '2021-01-14 05:01:00');
INSERT INTO REVIEW (ID, USER_ID, PRODUCT_ID, PLUS_RATE, MINUS_RATE, REVIEW_COMMENT, CREATION_DATE) VALUES (91, 11, 38, 1, 0, 'Suspendisse eu pede sit amet sapien pede purus, vulputate imperdiet, risus vehicula viverra, est eu.', '2021-01-18 12:05:00');
INSERT INTO REVIEW (ID, USER_ID, PRODUCT_ID, PLUS_RATE, MINUS_RATE, REVIEW_COMMENT, CREATION_DATE) VALUES (92, 12, 52, 2, 1, 'Sed in augue. Donec condimentum, pulvinar interdum. Nulla gravida tempor, dolor eu turpis gravida ornare.', '2021-01-19 11:20:00');
INSERT INTO REVIEW (ID, USER_ID, PRODUCT_ID, PLUS_RATE, MINUS_RATE, REVIEW_COMMENT, CREATION_DATE) VALUES (93, 13, 117, 1, 0, 'Aenean aliquet. In hac habitasse platea dictumst. Vestibulum laoreet hendrerit nulla sed neque. Maecenas sapien.', '2021-01-20 07:01:00');
INSERT INTO REVIEW (ID, USER_ID, PRODUCT_ID, PLUS_RATE, MINUS_RATE, REVIEW_COMMENT, CREATION_DATE) VALUES (94, 14, 87, 1, 1, 'Ut libero dolor, placerat eget, eros. Vivamus posuere sit amet quam. Donec erat ornare lobortis.', '2021-01-21 16:10:00');
INSERT INTO REVIEW (ID, USER_ID, PRODUCT_ID, PLUS_RATE, MINUS_RATE, REVIEW_COMMENT, CREATION_DATE) VALUES (95, 15, 102, 2, 0, 'Integer id diam iaculis ornare. Nam libero facilisis luctus et turpis. Nullam sit amet, accumsan.', '2021-01-22 18:02:00');
INSERT INTO REVIEW (ID, USER_ID, PRODUCT_ID, PLUS_RATE, MINUS_RATE, REVIEW_COMMENT, CREATION_DATE) VALUES (96, 16, 18, 1, 0, 'Aliquam feugiat ultrices posuere eget, lacinia eget, lacinia arcu massa, feugiat tortor massa placerat scelerisque.', '2021-01-25 13:20:00');
INSERT INTO REVIEW (ID, USER_ID, PRODUCT_ID, PLUS_RATE, MINUS_RATE, REVIEW_COMMENT, CREATION_DATE) VALUES (97, 3, 1, 1, 1, 'Album nie jest bardzo piękny a matriał pozostawia wiele do życzenia :(', '2021-02-03 13:25:00');

# OFFER
INSERT INTO OFFER (PRODUCT_ID, QUANTITY, CREATION_DATE, END_DATE) VALUES (1, 29, '2020-10-02 12:05:00', '2021-05-02');
INSERT INTO OFFER (PRODUCT_ID, QUANTITY, CREATION_DATE, END_DATE) VALUES (2, 27, '2020-10-05 03:22:00', '2021-03-16');
INSERT INTO OFFER (PRODUCT_ID, QUANTITY, CREATION_DATE, END_DATE) VALUES (3, 31, '2020-10-12 06:25:00', '2021-03-17');
INSERT INTO OFFER (PRODUCT_ID, QUANTITY, CREATION_DATE, END_DATE) VALUES (4, 7, '2020-10-13 05:13:00', '2021-04-15');
INSERT INTO OFFER (PRODUCT_ID, QUANTITY, CREATION_DATE, END_DATE) VALUES (5, 33, '2020-10-14 01:34:00', '2021-04-19');
INSERT INTO OFFER (PRODUCT_ID, QUANTITY, CREATION_DATE, END_DATE) VALUES (6, 24, '2020-10-19 12:43:00', '2021-04-23');
INSERT INTO OFFER (PRODUCT_ID, QUANTITY, CREATION_DATE, END_DATE) VALUES (7, 9, '2020-10-20 16:52:00', '2021-06-10');
INSERT INTO OFFER (PRODUCT_ID, QUANTITY, CREATION_DATE, END_DATE) VALUES (8, 31, '2020-10-21 17:33:00', '2021-06-18');
INSERT INTO OFFER (PRODUCT_ID, QUANTITY, CREATION_DATE, END_DATE) VALUES (9, 10, '2020-10-23 22:11:00', '2021-06-23');
INSERT INTO OFFER (PRODUCT_ID, QUANTITY, CREATION_DATE, END_DATE) VALUES (10, 38, '2020-10-26 23:22:00', '2021-06-25');
INSERT INTO OFFER (PRODUCT_ID, QUANTITY, CREATION_DATE, END_DATE) VALUES (11, 9, '2020-10-28 12:05:00', '2021-08-04');
INSERT INTO OFFER (PRODUCT_ID, QUANTITY, CREATION_DATE, END_DATE) VALUES (12, 20, '2020-11-03 03:22:00', '2021-08-24');
INSERT INTO OFFER (PRODUCT_ID, QUANTITY, CREATION_DATE, END_DATE) VALUES (13, 28, '2020-11-05 06:25:00', '2021-09-07');
INSERT INTO OFFER (PRODUCT_ID, QUANTITY, CREATION_DATE, END_DATE) VALUES (14, 21, '2020-11-06 05:13:00', '2021-09-16');
INSERT INTO OFFER (PRODUCT_ID, QUANTITY, CREATION_DATE, END_DATE) VALUES (15, 39, '2020-11-11 01:34:00', '2021-10-08');
INSERT INTO OFFER (PRODUCT_ID, QUANTITY, CREATION_DATE, END_DATE) VALUES (16, 9, '2020-11-16 12:43:00', '2021-10-18');
INSERT INTO OFFER (PRODUCT_ID, QUANTITY, CREATION_DATE, END_DATE) VALUES (17, 38, '2020-11-30 16:52:00', '2021-10-28');
INSERT INTO OFFER (PRODUCT_ID, QUANTITY, CREATION_DATE, END_DATE) VALUES (18, 28, '2020-12-08 17:33:00', '2021-11-09');
INSERT INTO OFFER (PRODUCT_ID, QUANTITY, CREATION_DATE, END_DATE) VALUES (19, 9, '2020-12-10 22:11:00', '2021-11-15');
INSERT INTO OFFER (PRODUCT_ID, QUANTITY, CREATION_DATE, END_DATE) VALUES (20, 9, '2020-12-14 23:22:00', '2021-11-22');
INSERT INTO OFFER (PRODUCT_ID, QUANTITY, CREATION_DATE, END_DATE) VALUES (21, 6, '2020-12-23 12:05:00', '2021-11-30');
INSERT INTO OFFER (PRODUCT_ID, QUANTITY, CREATION_DATE, END_DATE) VALUES (22, 9, '2020-12-24 03:22:00', '2021-12-08');
INSERT INTO OFFER (PRODUCT_ID, QUANTITY, CREATION_DATE, END_DATE) VALUES (23, 35, '2020-12-25 06:25:00', '2021-12-17');
INSERT INTO OFFER (PRODUCT_ID, QUANTITY, CREATION_DATE, END_DATE) VALUES (24, 3, '2020-12-30 05:13:00', '2021-12-20');
INSERT INTO OFFER (PRODUCT_ID, QUANTITY, CREATION_DATE, END_DATE) VALUES (25, 4, '2021-01-01 01:34:00', '2021-12-24');
INSERT INTO OFFER (PRODUCT_ID, QUANTITY, CREATION_DATE, END_DATE) VALUES (26, 40, '2020-10-06 12:43:00', '2021-02-18');
INSERT INTO OFFER (PRODUCT_ID, QUANTITY, CREATION_DATE, END_DATE) VALUES (27, 14, '2020-10-08 16:52:00', '2021-02-22');
INSERT INTO OFFER (PRODUCT_ID, QUANTITY, CREATION_DATE, END_DATE) VALUES (28, 8, '2020-10-13 17:33:00', '2021-03-03');
INSERT INTO OFFER (PRODUCT_ID, QUANTITY, CREATION_DATE, END_DATE) VALUES (29, 6, '2020-10-14 22:11:00', '2021-02-17');
INSERT INTO OFFER (PRODUCT_ID, QUANTITY, CREATION_DATE, END_DATE) VALUES (30, 17, '2020-10-15 23:22:00', '2021-02-19');
INSERT INTO OFFER (PRODUCT_ID, QUANTITY, CREATION_DATE, END_DATE) VALUES (31, 19, '2020-10-21 12:05:00', '2021-03-15');
INSERT INTO OFFER (PRODUCT_ID, QUANTITY, CREATION_DATE, END_DATE) VALUES (32, 26, '2020-10-27 03:22:00', '2021-03-17');
INSERT INTO OFFER (PRODUCT_ID, QUANTITY, CREATION_DATE, END_DATE) VALUES (33, 12, '2020-11-02 06:25:00', '2021-03-19');
INSERT INTO OFFER (PRODUCT_ID, QUANTITY, CREATION_DATE, END_DATE) VALUES (34, 13, '2020-11-03 05:13:00', '2021-04-02');
INSERT INTO OFFER (PRODUCT_ID, QUANTITY, CREATION_DATE, END_DATE) VALUES (35, 27, '2020-11-05 01:34:00', '2021-05-20');
INSERT INTO OFFER (PRODUCT_ID, QUANTITY, CREATION_DATE, END_DATE) VALUES (36, 26, '2020-11-09 12:43:00', '2021-05-27');
INSERT INTO OFFER (PRODUCT_ID, QUANTITY, CREATION_DATE, END_DATE) VALUES (37, 36, '2020-11-10 16:52:00', '2021-05-31');
INSERT INTO OFFER (PRODUCT_ID, QUANTITY, CREATION_DATE, END_DATE) VALUES (38, 3, '2020-11-13 17:33:00', '2021-07-07');
INSERT INTO OFFER (PRODUCT_ID, QUANTITY, CREATION_DATE, END_DATE) VALUES (39, 22, '2020-11-16 22:11:00', '2021-07-09');
INSERT INTO OFFER (PRODUCT_ID, QUANTITY, CREATION_DATE, END_DATE) VALUES (40, 22, '2020-11-17 23:22:00', '2021-07-14');
INSERT INTO OFFER (PRODUCT_ID, QUANTITY, CREATION_DATE, END_DATE) VALUES (41, 5, '2020-11-19 12:05:00', '2021-08-04');
INSERT INTO OFFER (PRODUCT_ID, QUANTITY, CREATION_DATE, END_DATE) VALUES (42, 6, '2020-11-20 03:22:00', '2021-08-17');
INSERT INTO OFFER (PRODUCT_ID, QUANTITY, CREATION_DATE, END_DATE) VALUES (43, 19, '2020-11-23 06:25:00', '2021-10-08');
INSERT INTO OFFER (PRODUCT_ID, QUANTITY, CREATION_DATE, END_DATE) VALUES (44, 6, '2020-11-26 05:13:00', '2021-10-28');
INSERT INTO OFFER (PRODUCT_ID, QUANTITY, CREATION_DATE, END_DATE) VALUES (45, 2, '2020-11-27 01:34:00', '2021-11-04');
INSERT INTO OFFER (PRODUCT_ID, QUANTITY, CREATION_DATE, END_DATE) VALUES (46, 3, '2020-12-01 12:43:00', '2021-11-11');
INSERT INTO OFFER (PRODUCT_ID, QUANTITY, CREATION_DATE, END_DATE) VALUES (47, 27, '2020-12-08 16:52:00', '2021-11-25');
INSERT INTO OFFER (PRODUCT_ID, QUANTITY, CREATION_DATE, END_DATE) VALUES (48, 15, '2020-12-10 17:33:00', '2021-12-17');
INSERT INTO OFFER (PRODUCT_ID, QUANTITY, CREATION_DATE, END_DATE) VALUES (49, 1, '2020-12-23 22:11:00', '2021-12-20');
INSERT INTO OFFER (PRODUCT_ID, QUANTITY, CREATION_DATE, END_DATE) VALUES (50, 34, '2020-12-28 23:22:00', '2021-12-27');
INSERT INTO OFFER (PRODUCT_ID, QUANTITY, CREATION_DATE, END_DATE) VALUES (51, 16, '2020-10-06 12:05:00', '2021-02-22');
INSERT INTO OFFER (PRODUCT_ID, QUANTITY, CREATION_DATE, END_DATE) VALUES (52, 36, '2020-10-09 03:22:00', '2021-02-26');
INSERT INTO OFFER (PRODUCT_ID, QUANTITY, CREATION_DATE, END_DATE) VALUES (53, 39, '2020-10-12 06:25:00', '2021-03-09');
INSERT INTO OFFER (PRODUCT_ID, QUANTITY, CREATION_DATE, END_DATE) VALUES (54, 2, '2020-10-19 05:13:00', '2021-03-02');
INSERT INTO OFFER (PRODUCT_ID, QUANTITY, CREATION_DATE, END_DATE) VALUES (55, 20, '2020-10-20 01:34:00', '2021-03-08');
INSERT INTO OFFER (PRODUCT_ID, QUANTITY, CREATION_DATE, END_DATE) VALUES (56, 6, '2020-10-23 12:43:00', '2021-03-23');
INSERT INTO OFFER (PRODUCT_ID, QUANTITY, CREATION_DATE, END_DATE) VALUES (57, 33, '2020-10-26 16:52:00', '2021-03-31');
INSERT INTO OFFER (PRODUCT_ID, QUANTITY, CREATION_DATE, END_DATE) VALUES (58, 30, '2020-10-30 17:33:00', '2021-04-09');
INSERT INTO OFFER (PRODUCT_ID, QUANTITY, CREATION_DATE, END_DATE) VALUES (59, 11, '2020-11-04 22:11:00', '2021-04-15');
INSERT INTO OFFER (PRODUCT_ID, QUANTITY, CREATION_DATE, END_DATE) VALUES (60, 37, '2020-11-05 23:22:00', '2021-05-07');
INSERT INTO OFFER (PRODUCT_ID, QUANTITY, CREATION_DATE, END_DATE) VALUES (61, 14, '2020-11-12 12:05:00', '2021-05-12');
INSERT INTO OFFER (PRODUCT_ID, QUANTITY, CREATION_DATE, END_DATE) VALUES (62, 1, '2020-11-13 03:22:00', '2021-05-20');
INSERT INTO OFFER (PRODUCT_ID, QUANTITY, CREATION_DATE, END_DATE) VALUES (63, 33, '2020-11-16 06:25:00', '2021-05-25');
INSERT INTO OFFER (PRODUCT_ID, QUANTITY, CREATION_DATE, END_DATE) VALUES (64, 20, '2020-11-17 05:13:00', '2021-07-06');
INSERT INTO OFFER (PRODUCT_ID, QUANTITY, CREATION_DATE, END_DATE) VALUES (65, 21, '2020-11-19 01:34:00', '2021-07-14');
INSERT INTO OFFER (PRODUCT_ID, QUANTITY, CREATION_DATE, END_DATE) VALUES (66, 24, '2020-11-27 12:43:00', '2021-08-06');
INSERT INTO OFFER (PRODUCT_ID, QUANTITY, CREATION_DATE, END_DATE) VALUES (67, 4, '2020-11-30 16:52:00', '2021-08-10');
INSERT INTO OFFER (PRODUCT_ID, QUANTITY, CREATION_DATE, END_DATE) VALUES (68, 17, '2020-12-03 17:33:00', '2021-08-11');
INSERT INTO OFFER (PRODUCT_ID, QUANTITY, CREATION_DATE, END_DATE) VALUES (69, 21, '2020-12-09 22:11:00', '2021-09-06');
INSERT INTO OFFER (PRODUCT_ID, QUANTITY, CREATION_DATE, END_DATE) VALUES (70, 29, '2020-12-14 23:22:00', '2021-09-10');
INSERT INTO OFFER (PRODUCT_ID, QUANTITY, CREATION_DATE, END_DATE) VALUES (71, 4, '2020-12-18 12:05:00', '2021-09-14');
INSERT INTO OFFER (PRODUCT_ID, QUANTITY, CREATION_DATE, END_DATE) VALUES (72, 38, '2020-12-24 03:22:00', '2021-09-21');
INSERT INTO OFFER (PRODUCT_ID, QUANTITY, CREATION_DATE, END_DATE) VALUES (73, 12, '2020-12-28 06:25:00', '2021-09-22');
INSERT INTO OFFER (PRODUCT_ID, QUANTITY, CREATION_DATE, END_DATE) VALUES (74, 36, '2020-12-31 05:13:00', '2021-11-29');
INSERT INTO OFFER (PRODUCT_ID, QUANTITY, CREATION_DATE, END_DATE) VALUES (75, 33, '2021-01-01 01:34:00', '2021-12-21');
INSERT INTO OFFER (PRODUCT_ID, QUANTITY, CREATION_DATE, END_DATE) VALUES (76, 10, '2020-10-01 12:43:00', '2021-03-13');
INSERT INTO OFFER (PRODUCT_ID, QUANTITY, CREATION_DATE, END_DATE) VALUES (77, 40, '2020-10-05 16:52:00', '2021-04-02');
INSERT INTO OFFER (PRODUCT_ID, QUANTITY, CREATION_DATE, END_DATE) VALUES (78, 18, '2020-10-07 17:33:00', '2021-03-02');
INSERT INTO OFFER (PRODUCT_ID, QUANTITY, CREATION_DATE, END_DATE) VALUES (79, 23, '2020-10-08 22:11:00', '2021-03-05');
INSERT INTO OFFER (PRODUCT_ID, QUANTITY, CREATION_DATE, END_DATE) VALUES (80, 29, '2020-10-13 23:22:00', '2021-03-09');
INSERT INTO OFFER (PRODUCT_ID, QUANTITY, CREATION_DATE, END_DATE) VALUES (81, 20, '2020-10-14 12:05:00', '2021-03-19');
INSERT INTO OFFER (PRODUCT_ID, QUANTITY, CREATION_DATE, END_DATE) VALUES (82, 18, '2020-10-19 03:22:00', '2021-04-30');
INSERT INTO OFFER (PRODUCT_ID, QUANTITY, CREATION_DATE, END_DATE) VALUES (83, 20, '2020-10-21 06:25:00', '2021-05-27');
INSERT INTO OFFER (PRODUCT_ID, QUANTITY, CREATION_DATE, END_DATE) VALUES (84, 4, '2020-10-30 05:13:00', '2021-06-08');
INSERT INTO OFFER (PRODUCT_ID, QUANTITY, CREATION_DATE, END_DATE) VALUES (85, 38, '2020-11-03 01:34:00', '2021-06-16');
INSERT INTO OFFER (PRODUCT_ID, QUANTITY, CREATION_DATE, END_DATE) VALUES (86, 25, '2020-11-04 12:43:00', '2021-06-21');
INSERT INTO OFFER (PRODUCT_ID, QUANTITY, CREATION_DATE, END_DATE) VALUES (87, 5, '2020-11-06 16:52:00', '2021-06-29');
INSERT INTO OFFER (PRODUCT_ID, QUANTITY, CREATION_DATE, END_DATE) VALUES (88, 3, '2020-11-11 17:33:00', '2021-07-08');
INSERT INTO OFFER (PRODUCT_ID, QUANTITY, CREATION_DATE, END_DATE) VALUES (89, 11, '2020-11-12 22:11:00', '2021-07-15');
INSERT INTO OFFER (PRODUCT_ID, QUANTITY, CREATION_DATE, END_DATE) VALUES (90, 29, '2020-11-19 23:22:00', '2021-08-04');
INSERT INTO OFFER (PRODUCT_ID, QUANTITY, CREATION_DATE, END_DATE) VALUES (91, 38, '2020-11-20 12:05:00', '2021-08-11');
INSERT INTO OFFER (PRODUCT_ID, QUANTITY, CREATION_DATE, END_DATE) VALUES (92, 10, '2020-11-30 03:22:00', '2021-08-25');
INSERT INTO OFFER (PRODUCT_ID, QUANTITY, CREATION_DATE, END_DATE) VALUES (93, 19, '2020-12-02 06:25:00', '2021-08-26');
INSERT INTO OFFER (PRODUCT_ID, QUANTITY, CREATION_DATE, END_DATE) VALUES (94, 37, '2020-12-03 05:13:00', '2021-09-30');
INSERT INTO OFFER (PRODUCT_ID, QUANTITY, CREATION_DATE, END_DATE) VALUES (95, 25, '2020-12-09 01:34:00', '2021-10-08');
INSERT INTO OFFER (PRODUCT_ID, QUANTITY, CREATION_DATE, END_DATE) VALUES (96, 6, '2020-12-11 12:43:00', '2021-10-13');
INSERT INTO OFFER (PRODUCT_ID, QUANTITY, CREATION_DATE, END_DATE) VALUES (97, 3, '2020-12-21 16:52:00', '2021-11-17');
INSERT INTO OFFER (PRODUCT_ID, QUANTITY, CREATION_DATE, END_DATE) VALUES (98, 27, '2020-12-22 17:33:00', '2021-11-25');
INSERT INTO OFFER (PRODUCT_ID, QUANTITY, CREATION_DATE, END_DATE) VALUES (99, 8, '2020-12-28 22:11:00', '2021-12-03');
INSERT INTO OFFER (PRODUCT_ID, QUANTITY, CREATION_DATE, END_DATE) VALUES (100, 37, '2020-10-02 23:22:00', '2021-12-13');
INSERT INTO OFFER (PRODUCT_ID, QUANTITY, CREATION_DATE, END_DATE) VALUES (101, 29, '2020-10-05 12:05:00', '2021-02-21');
INSERT INTO OFFER (PRODUCT_ID, QUANTITY, CREATION_DATE, END_DATE) VALUES (102, 27, '2020-10-12 03:22:00', '2021-02-26');
INSERT INTO OFFER (PRODUCT_ID, QUANTITY, CREATION_DATE, END_DATE) VALUES (103, 31, '2020-10-13 06:25:00', '2021-04-18');
INSERT INTO OFFER (PRODUCT_ID, QUANTITY, CREATION_DATE, END_DATE) VALUES (104, 7, '2020-10-23 05:13:00', '2021-05-03');
INSERT INTO OFFER (PRODUCT_ID, QUANTITY, CREATION_DATE, END_DATE) VALUES (105, 33, '2020-10-26 01:34:00', '2021-03-05');
INSERT INTO OFFER (PRODUCT_ID, QUANTITY, CREATION_DATE, END_DATE) VALUES (106, 24, '2020-10-27 12:43:00', '2021-03-09');
INSERT INTO OFFER (PRODUCT_ID, QUANTITY, CREATION_DATE, END_DATE) VALUES (107, 9, '2020-10-28 16:52:00', '2021-05-14');
INSERT INTO OFFER (PRODUCT_ID, QUANTITY, CREATION_DATE, END_DATE) VALUES (108, 31, '2020-10-30 17:33:00', '2021-05-28');
INSERT INTO OFFER (PRODUCT_ID, QUANTITY, CREATION_DATE, END_DATE) VALUES (109, 10, '2020-11-02 22:11:00', '2021-06-03');
INSERT INTO OFFER (PRODUCT_ID, QUANTITY, CREATION_DATE, END_DATE) VALUES (110, 38, '2020-11-04 23:22:00', '2021-06-15');
INSERT INTO OFFER (PRODUCT_ID, QUANTITY, CREATION_DATE, END_DATE) VALUES (111, 9, '2020-11-05 12:05:00', '2021-07-16');
INSERT INTO OFFER (PRODUCT_ID, QUANTITY, CREATION_DATE, END_DATE) VALUES (112, 20, '2020-11-06 03:22:00', '2021-07-21');
INSERT INTO OFFER (PRODUCT_ID, QUANTITY, CREATION_DATE, END_DATE) VALUES (113, 28, '2020-11-10 06:25:00', '2021-08-16');
INSERT INTO OFFER (PRODUCT_ID, QUANTITY, CREATION_DATE, END_DATE) VALUES (114, 21, '2020-11-12 05:13:00', '2021-09-07');
INSERT INTO OFFER (PRODUCT_ID, QUANTITY, CREATION_DATE, END_DATE) VALUES (115, 39, '2020-11-17 01:34:00', '2021-09-24');
INSERT INTO OFFER (PRODUCT_ID, QUANTITY, CREATION_DATE, END_DATE) VALUES (116, 9, '2020-11-20 12:43:00', '2021-10-01');
INSERT INTO OFFER (PRODUCT_ID, QUANTITY, CREATION_DATE, END_DATE) VALUES (117, 38, '2020-11-26 16:52:00', '2021-10-08');
INSERT INTO OFFER (PRODUCT_ID, QUANTITY, CREATION_DATE, END_DATE) VALUES (118, 28, '2020-12-01 17:33:00', '2021-10-22');
INSERT INTO OFFER (PRODUCT_ID, QUANTITY, CREATION_DATE, END_DATE) VALUES (119, 9, '2020-12-04 22:11:00', '2021-10-28');
INSERT INTO OFFER (PRODUCT_ID, QUANTITY, CREATION_DATE, END_DATE) VALUES (120, 9, '2020-12-07 23:22:00', '2021-11-11');
INSERT INTO OFFER (PRODUCT_ID, QUANTITY, CREATION_DATE, END_DATE) VALUES (121, 6, '2020-12-10 12:05:00', '2021-11-19');
INSERT INTO OFFER (PRODUCT_ID, QUANTITY, CREATION_DATE, END_DATE) VALUES (122, 9, '2020-12-18 03:22:00', '2021-11-24');
INSERT INTO OFFER (PRODUCT_ID, QUANTITY, CREATION_DATE, END_DATE) VALUES (123, 35, '2020-12-23 06:25:00', '2021-11-30');
INSERT INTO OFFER (PRODUCT_ID, QUANTITY, CREATION_DATE, END_DATE) VALUES (124, 3, '2020-12-30 05:13:00', '2021-12-09');
INSERT INTO OFFER (PRODUCT_ID, QUANTITY, CREATION_DATE, END_DATE) VALUES (125, 4, '2020-10-02 01:34:00', '2021-12-27');
INSERT INTO OFFER (PRODUCT_ID, QUANTITY, CREATION_DATE, END_DATE) VALUES (126, 40, '2020-10-05 12:43:00', '2021-03-01');
INSERT INTO OFFER (PRODUCT_ID, QUANTITY, CREATION_DATE, END_DATE) VALUES (127, 14, '2020-10-12 16:52:00', '2021-03-06');
INSERT INTO OFFER (PRODUCT_ID, QUANTITY, CREATION_DATE, END_DATE) VALUES (128, 8, '2020-10-13 17:33:00', '2021-03-18');
INSERT INTO OFFER (PRODUCT_ID, QUANTITY, CREATION_DATE, END_DATE) VALUES (129, 6, '2020-10-23 22:11:00', '2021-06-03');
INSERT INTO OFFER (PRODUCT_ID, QUANTITY, CREATION_DATE, END_DATE) VALUES (130, 17, '2020-10-26 23:22:00', '2021-03-05');
INSERT INTO OFFER (PRODUCT_ID, QUANTITY, CREATION_DATE, END_DATE) VALUES (131, 19, '2020-10-27 12:05:00', '2021-03-09');
INSERT INTO OFFER (PRODUCT_ID, QUANTITY, CREATION_DATE, END_DATE) VALUES (132, 26, '2020-10-28 03:22:00', '2021-05-14');
INSERT INTO OFFER (PRODUCT_ID, QUANTITY, CREATION_DATE, END_DATE) VALUES (133, 12, '2020-10-30 06:25:00', '2021-05-28');
INSERT INTO OFFER (PRODUCT_ID, QUANTITY, CREATION_DATE, END_DATE) VALUES (134, 13, '2020-11-02 05:13:00', '2021-06-03');
INSERT INTO OFFER (PRODUCT_ID, QUANTITY, CREATION_DATE, END_DATE) VALUES (135, 27, '2020-11-04 01:34:00', '2021-06-15');

# CART
INSERT INTO CART (USER_ID, CAPACITY, TOTAL_PRICE) VALUES (1, 0, 0);
INSERT INTO CART (USER_ID, CAPACITY, TOTAL_PRICE) VALUES (2, 0, 0);
INSERT INTO CART (USER_ID, CAPACITY, TOTAL_PRICE) VALUES (3, 0, 0);
INSERT INTO CART (USER_ID, CAPACITY, TOTAL_PRICE) VALUES (4, 0, 0);
INSERT INTO CART (USER_ID, CAPACITY, TOTAL_PRICE) VALUES (5, 0, 0);
INSERT INTO CART (USER_ID, CAPACITY, TOTAL_PRICE) VALUES (6, 0, 0);
INSERT INTO CART (USER_ID, CAPACITY, TOTAL_PRICE) VALUES (7, 0, 0);
INSERT INTO CART (USER_ID, CAPACITY, TOTAL_PRICE) VALUES (8, 0, 0);
INSERT INTO CART (USER_ID, CAPACITY, TOTAL_PRICE) VALUES (9, 0, 0);
INSERT INTO CART (USER_ID, CAPACITY, TOTAL_PRICE) VALUES (10, 0, 0);
INSERT INTO CART (USER_ID, CAPACITY, TOTAL_PRICE) VALUES (11, 0, 0);
INSERT INTO CART (USER_ID, CAPACITY, TOTAL_PRICE) VALUES (12, 0, 0);
INSERT INTO CART (USER_ID, CAPACITY, TOTAL_PRICE) VALUES (13, 0, 0);
INSERT INTO CART (USER_ID, CAPACITY, TOTAL_PRICE) VALUES (14, 0, 0);
INSERT INTO CART (USER_ID, CAPACITY, TOTAL_PRICE) VALUES (15, 0, 0);
INSERT INTO CART (USER_ID, CAPACITY, TOTAL_PRICE) VALUES (16, 0, 0);
INSERT INTO CART (USER_ID, CAPACITY, TOTAL_PRICE) VALUES (17, 0, 0);
INSERT INTO CART (USER_ID, CAPACITY, TOTAL_PRICE) VALUES (18, 0, 0);
INSERT INTO CART (USER_ID, CAPACITY, TOTAL_PRICE) VALUES (19, 0, 0);
INSERT INTO CART (USER_ID, CAPACITY, TOTAL_PRICE) VALUES (20, 0, 0);
INSERT INTO CART (USER_ID, CAPACITY, TOTAL_PRICE) VALUES (21, 6, 0);

# PURCHASE
INSERT INTO PURCHASE (ID, CART_ID, OFFER_ID, PRODUCTS_AMOUNT) VALUES (1, 21, 1, 1);
INSERT INTO PURCHASE (ID, CART_ID, OFFER_ID, PRODUCTS_AMOUNT) VALUES (2, 21, 2, 2);
INSERT INTO PURCHASE (ID, CART_ID, OFFER_ID, PRODUCTS_AMOUNT) VALUES (3, 21, 3, 3);

# TRANSACTION
INSERT INTO TRANSACTION (ID, USER_ID, TOTAL_PRICE, TRANSACTION_PRODUCTS_AMOUNT, TRANSACTION_DATE) VALUES (1, 21, 1520.99, 2, '2021-01-10 13:14:00');
INSERT INTO TRANSACTION (ID, USER_ID, TOTAL_PRICE, TRANSACTION_PRODUCTS_AMOUNT, TRANSACTION_DATE) VALUES (2, 21, 3168.50, 3, '2021-01-01 12:24:00');
INSERT INTO TRANSACTION (ID, USER_ID, TOTAL_PRICE, TRANSACTION_PRODUCTS_AMOUNT, TRANSACTION_DATE) VALUES (3, 21, 240, 1, '2020-10-01 09:35:00');
INSERT INTO TRANSACTION (ID, USER_ID, TOTAL_PRICE, TRANSACTION_PRODUCTS_AMOUNT, TRANSACTION_DATE) VALUES (4, 21, 50.50, 1,'2020-12-20 20:48:00');

# TRANSACTION_PRODUCT
INSERT INTO TRANSACTION_PRODUCT (TRANSACTION_ID, PRODUCT_ID) VALUES (1, 1);
INSERT INTO TRANSACTION_PRODUCT (TRANSACTION_ID, PRODUCT_ID) VALUES (1, 2);
INSERT INTO TRANSACTION_PRODUCT (TRANSACTION_ID, PRODUCT_ID) VALUES (2, 3);
INSERT INTO TRANSACTION_PRODUCT (TRANSACTION_ID, PRODUCT_ID) VALUES (2, 4);
INSERT INTO TRANSACTION_PRODUCT (TRANSACTION_ID, PRODUCT_ID) VALUES (3, 6);