# USER
INSERT INTO USER (ID, EMAIL, USERNAME, PASSWORD, CREATION_DATE, ENABLED, LOCKED) VALUES (1, 'libso.account1@gmail.com', 'username', '$2a$10$cN3vWHQgXuDF.ZsQtSBhxOho5hQXppZ0UoC16KsRq8EJJ39pwyJd2', '2020-10-01 12:00:00', true, false);
INSERT INTO USER (ID, EMAIL, USERNAME, PASSWORD, CREATION_DATE, ENABLED, LOCKED) VALUES (2, 'libso.account2@gmail.com', 'username2', '$2a$10$cN3vWHQgXuDF.ZsQtSBhxOho5hQXppZ0UoC16KsRq8EJJ39pwyJd2', '2020-11-02 13:00:00', true, false);
INSERT INTO USER (ID, EMAIL, USERNAME, PASSWORD, CREATION_DATE, ENABLED, LOCKED) VALUES (3, 'libso.account3@gmail.com', 'username3', '$2a$10$cN3vWHQgXuDF.ZsQtSBhxOho5hQXppZ0UoC16KsRq8EJJ39pwyJd2', '2020-12-03 14:00:00', true, false);
INSERT INTO USER (ID, EMAIL, USERNAME, PASSWORD, CREATION_DATE, ENABLED, LOCKED) VALUES (4, 'libso.account4@gmail.com', 'username4', '$2a$10$cN3vWHQgXuDF.ZsQtSBhxOho5hQXppZ0UoC16KsRq8EJJ39pwyJd2', '2020-02-04 15:00:00', true, false);
INSERT INTO USER (ID, EMAIL, USERNAME, PASSWORD, CREATION_DATE, ENABLED, LOCKED) VALUES (5, 'libso.account5@gmail.com', 'username5', '$2a$10$cN3vWHQgXuDF.ZsQtSBhxOho5hQXppZ0UoC16KsRq8EJJ39pwyJd2', '2020-05-05 16:00:00', true, false);

# TOKEN
INSERT INTO TOKEN (USER_ID, VALUE) VALUES (1, 'UNIQUE_TOKEN1');
INSERT INTO TOKEN (USER_ID, VALUE) VALUES (2, 'UNIQUE_TOKEN2');
INSERT INTO TOKEN (USER_ID, VALUE) VALUES (3, 'UNIQUE_TOKEN3');
INSERT INTO TOKEN (USER_ID, VALUE) VALUES (4, 'UNIQUE_TOKEN4');
INSERT INTO TOKEN (USER_ID, VALUE) VALUES (5, 'UNIQUE_TOKEN5');

# ROLE
INSERT INTO AUTHORITY (ID, AUTHORITY_TYPE) VALUES (1, 'ROLE_USER');
INSERT INTO AUTHORITY (ID, AUTHORITY_TYPE) VALUES (2, 'ROLE_MODERATOR');
INSERT INTO AUTHORITY (ID, AUTHORITY_TYPE) VALUES (3, 'ROLE_ADMIN');

# USER_AUTHORITY
INSERT INTO USER_AUTHORITY (USER_ID, AUTHORITY_ID) VALUES (1, 1);
INSERT INTO USER_AUTHORITY (USER_ID, AUTHORITY_ID) VALUES (1, 2);
INSERT INTO USER_AUTHORITY (USER_ID, AUTHORITY_ID) VALUES (1, 3);
INSERT INTO USER_AUTHORITY (USER_ID, AUTHORITY_ID) VALUES (2, 1);
INSERT INTO USER_AUTHORITY (USER_ID, AUTHORITY_ID) VALUES (2, 2);
INSERT INTO USER_AUTHORITY (USER_ID, AUTHORITY_ID) VALUES (3, 1);
INSERT INTO USER_AUTHORITY (USER_ID, AUTHORITY_ID) VALUES (3, 2);
INSERT INTO USER_AUTHORITY (USER_ID, AUTHORITY_ID) VALUES (3, 3);
INSERT INTO USER_AUTHORITY (USER_ID, AUTHORITY_ID) VALUES (4, 1);
INSERT INTO USER_AUTHORITY (USER_ID, AUTHORITY_ID) VALUES (4, 2);
INSERT INTO USER_AUTHORITY (USER_ID, AUTHORITY_ID) VALUES (4, 3);
INSERT INTO USER_AUTHORITY (USER_ID, AUTHORITY_ID) VALUES (5, 1);

# PERSON
INSERT INTO PERSON (USER_ID, NAME, SURNAME, PHONE_NUMBER, DATE_OF_BIRTH) VALUES (1, 'Jan', 'Kowalski', '123098765', '1992-01-01');
INSERT INTO PERSON (USER_ID, NAME, SURNAME, PHONE_NUMBER, DATE_OF_BIRTH) VALUES (2, 'Andrzej', 'Nowak', '702452123', '1983-12-22');
INSERT INTO PERSON (USER_ID, NAME, SURNAME, PHONE_NUMBER, DATE_OF_BIRTH) VALUES (3, 'Piotr', 'Krawczyk', '609623756', '1990-03-15');
INSERT INTO PERSON (USER_ID, NAME, SURNAME, PHONE_NUMBER, DATE_OF_BIRTH) VALUES (4, 'Paweł', 'Adamczyk', '233713859', '1998-07-11');
INSERT INTO PERSON (USER_ID, NAME, SURNAME, PHONE_NUMBER, DATE_OF_BIRTH) VALUES (5, 'Adam', 'Kaminski', '888725612', '1985-10-08');

# ADDRESS
INSERT INTO ADDRESS (USER_ID, COUNTRY, LOCATION, ZIP_CODE, STREET) VALUES (1, 'Polska', 'Warszawa', '00-001', 'Warszawska');
INSERT INTO ADDRESS (USER_ID, COUNTRY, LOCATION, ZIP_CODE, STREET) VALUES (1, 'Polska', 'Kielce', '25-001', 'Kielecka');
INSERT INTO ADDRESS (USER_ID, COUNTRY, LOCATION, ZIP_CODE, STREET) VALUES (2, 'Polska', 'Radom', '26-601', 'Radomska');
INSERT INTO ADDRESS (USER_ID, COUNTRY, LOCATION, ZIP_CODE, STREET) VALUES (2, 'Polska', 'Lubin', '59-300', 'Kwiatowa');
INSERT INTO ADDRESS (USER_ID, COUNTRY, LOCATION, ZIP_CODE, STREET) VALUES (2, 'Polska', 'Katowice', '40-001', 'Ceglana');
INSERT INTO ADDRESS (USER_ID, COUNTRY, LOCATION, ZIP_CODE, STREET) VALUES (3, 'Polska', 'Szczecin', '70-002', 'Struga');
INSERT INTO ADDRESS (USER_ID, COUNTRY, LOCATION, ZIP_CODE, STREET) VALUES (4, 'Polska', 'Gdańsk', '80-012', 'Szeroka');
INSERT INTO ADDRESS (USER_ID, COUNTRY, LOCATION, ZIP_CODE, STREET) VALUES (5, 'Polska', 'Gdynia', '80-229', 'Morkska');
INSERT INTO ADDRESS (USER_ID, COUNTRY, LOCATION, ZIP_CODE, STREET) VALUES (5, 'Polska', 'Kielce', '85-000', 'Kielecka');
INSERT INTO ADDRESS (USER_ID, COUNTRY, LOCATION, ZIP_CODE, STREET) VALUES (5, 'Polska', 'Katowice', '40-008', 'Katowicka');

# CATEGORY
INSERT INTO CATEGORY (ID, NAME, PARENT_ID) VALUES (1, 'Elektronika', NULL);                  # 1 ST
INSERT INTO CATEGORY (ID, NAME, PARENT_ID) VALUES (2, 'Moda', NULL);
INSERT INTO CATEGORY (ID, NAME, PARENT_ID) VALUES (3, 'Uroda', NULL);
INSERT INTO CATEGORY (ID, NAME, PARENT_ID) VALUES (4, 'Sport', NULL);
INSERT INTO CATEGORY (ID, NAME, PARENT_ID) VALUES (5, 'Motoryzacja', NULL);
INSERT INTO CATEGORY (ID, NAME, PARENT_ID) VALUES (6, 'Fotografia', 1);                   # 2 ST
INSERT INTO CATEGORY (ID, NAME, PARENT_ID) VALUES (7, 'Komputery', 1);
INSERT INTO CATEGORY (ID, NAME, PARENT_ID) VALUES (8, 'Konsole i automaty', 1);
INSERT INTO CATEGORY (ID, NAME, PARENT_ID) VALUES (9, 'On', 2);
INSERT INTO CATEGORY (ID, NAME, PARENT_ID) VALUES (10, 'Ona', 2);
INSERT INTO CATEGORY (ID, NAME, PARENT_ID) VALUES (11, 'Dziecko', 2);
INSERT INTO CATEGORY (ID, NAME, PARENT_ID) VALUES (12, 'Pielęgnacja', 3);
INSERT INTO CATEGORY (ID, NAME, PARENT_ID) VALUES (13, 'Makijaż', 3);
INSERT INTO CATEGORY (ID, NAME, PARENT_ID) VALUES (14, 'Perfumy', 3);
INSERT INTO CATEGORY (ID, NAME, PARENT_ID) VALUES (15, 'Rowery i akcesoria', 4);
INSERT INTO CATEGORY (ID, NAME, PARENT_ID) VALUES (16, 'Tenis ziemny', 4);
INSERT INTO CATEGORY (ID, NAME, PARENT_ID) VALUES (17, 'Bieganie', 4);
INSERT INTO CATEGORY (ID, NAME, PARENT_ID) VALUES (18, 'Części samochodowe', 5);
INSERT INTO CATEGORY (ID, NAME, PARENT_ID) VALUES (19, 'Akcesoria samochodowe', 5);
INSERT INTO CATEGORY (ID, NAME, PARENT_ID) VALUES (20, 'Opony i felgi', 5);
INSERT INTO CATEGORY (ID, NAME, PARENT_ID) VALUES (21, 'Akcesoria fotograficzne', 6);     # 3 ST
INSERT INTO CATEGORY (ID, NAME, PARENT_ID) VALUES (22, 'Aparaty analogowe', 6);
INSERT INTO CATEGORY (ID, NAME, PARENT_ID) VALUES (23, 'Aparaty cyfrowe', 6);
INSERT INTO CATEGORY (ID, NAME, PARENT_ID) VALUES (24, 'Komputery stacjonarne', 7);
INSERT INTO CATEGORY (ID, NAME, PARENT_ID) VALUES (25, 'Laptopy', 7);
INSERT INTO CATEGORY (ID, NAME, PARENT_ID) VALUES (26, 'Akcesoria komputerowe', 7);
INSERT INTO CATEGORY (ID, NAME, PARENT_ID) VALUES (27, 'Konsole Playstation', 8);
INSERT INTO CATEGORY (ID, NAME, PARENT_ID) VALUES (28, 'Konsole Xbox', 8);
INSERT INTO CATEGORY (ID, NAME, PARENT_ID) VALUES (29, 'Automaty do gier', 8);
INSERT INTO CATEGORY (ID, NAME, PARENT_ID) VALUES (30, 'Odzież męska', 9);
INSERT INTO CATEGORY (ID, NAME, PARENT_ID) VALUES (31, 'Buty męskie', 9);
INSERT INTO CATEGORY (ID, NAME, PARENT_ID) VALUES (32, 'Kurtki', 9);
INSERT INTO CATEGORY (ID, NAME, PARENT_ID) VALUES (33, 'Odzież damska', 10);
INSERT INTO CATEGORY (ID, NAME, PARENT_ID) VALUES (34, 'Buty damskie', 10);
INSERT INTO CATEGORY (ID, NAME, PARENT_ID) VALUES (35, 'Sukienki', 10);
INSERT INTO CATEGORY (ID, NAME, PARENT_ID) VALUES (36, 'Odzież dziecięca', 11);
INSERT INTO CATEGORY (ID, NAME, PARENT_ID) VALUES (37, 'Buty dziecięce', 11);
INSERT INTO CATEGORY (ID, NAME, PARENT_ID) VALUES (38, 'Bielizna dziecięca', 11);
INSERT INTO CATEGORY (ID, NAME, PARENT_ID) VALUES (39, 'Krem do twarzy', 12);
INSERT INTO CATEGORY (ID, NAME, PARENT_ID) VALUES (40, 'Maseczki do twarzy', 12);
INSERT INTO CATEGORY (ID, NAME, PARENT_ID) VALUES (41, 'Szampony', 12);
INSERT INTO CATEGORY (ID, NAME, PARENT_ID) VALUES (42, 'Makijaż oczu', 13);
INSERT INTO CATEGORY (ID, NAME, PARENT_ID) VALUES (43, 'Makijaż twarzy', 13);
INSERT INTO CATEGORY (ID, NAME, PARENT_ID) VALUES (44, 'Makijaż ust', 13);
INSERT INTO CATEGORY (ID, NAME, PARENT_ID) VALUES (45, 'Zapach dla kobiet', 14);
INSERT INTO CATEGORY (ID, NAME, PARENT_ID) VALUES (46, 'Zapach dla mężczyzn', 14);
INSERT INTO CATEGORY (ID, NAME, PARENT_ID) VALUES (47, 'Testery', 14);
INSERT INTO CATEGORY (ID, NAME, PARENT_ID) VALUES (48, 'Rowery', 15);
INSERT INTO CATEGORY (ID, NAME, PARENT_ID) VALUES (49, 'Kaski', 15);
INSERT INTO CATEGORY (ID, NAME, PARENT_ID) VALUES (50, 'Części rowerowe', 15);
INSERT INTO CATEGORY (ID, NAME, PARENT_ID) VALUES (51, 'Rakiety', 16);
INSERT INTO CATEGORY (ID, NAME, PARENT_ID) VALUES (52, 'Piłki tenisowe', 16);
INSERT INTO CATEGORY (ID, NAME, PARENT_ID) VALUES (53, 'Owijki tenisowe', 16);
INSERT INTO CATEGORY (ID, NAME, PARENT_ID) VALUES (54, 'Obuwie', 17);
INSERT INTO CATEGORY (ID, NAME, PARENT_ID) VALUES (55, 'Bidony', 17);
INSERT INTO CATEGORY (ID, NAME, PARENT_ID) VALUES (56, 'Plecaki do biegania', 17);
INSERT INTO CATEGORY (ID, NAME, PARENT_ID) VALUES (57, 'Części karoserii', 18);
INSERT INTO CATEGORY (ID, NAME, PARENT_ID) VALUES (58, 'Oświetlenie i reflektory', 18);
INSERT INTO CATEGORY (ID, NAME, PARENT_ID) VALUES (59, 'Silniki i osprzęt', 18);
INSERT INTO CATEGORY (ID, NAME, PARENT_ID) VALUES (60, 'Bagażniki', 19);
INSERT INTO CATEGORY (ID, NAME, PARENT_ID) VALUES (61, 'Dywaniki', 19);
INSERT INTO CATEGORY (ID, NAME, PARENT_ID) VALUES (62, 'Elektronika samochodowa', 19);
INSERT INTO CATEGORY (ID, NAME, PARENT_ID) VALUES (63, 'Opony do samochodów osobowych', 20);
INSERT INTO CATEGORY (ID, NAME, PARENT_ID) VALUES (64, 'Koła (felgi z oponami)', 20);
INSERT INTO CATEGORY (ID, NAME, PARENT_ID) VALUES (65, 'Felgi aluminiowe i stalowe', 20);

# PRODUCT
INSERT INTO PRODUCT (ID, NAME, PRICE, MODEL, BRAND, DESCRIPTION) VALUES (1, 'ALBUM NA ZDJĘCIA 200 ZDJ 10x15', 13.99, 'DPH46200CLASSIC', 'Poldom', 'Album kieszeniowy na zdjęcia wsuwane wykonany z materiału o wysokiej jakości');
INSERT INTO PRODUCT (ID, NAME, PRICE, MODEL, BRAND, DESCRIPTION) VALUES (2, 'Nikon D7200 korpus plus obiektyw', 3800, 'D7200', 'Nikon', 'Nikon D7200, nikkor 18-140mm, torba, bateria');
INSERT INTO PRODUCT (ID, NAME, PRICE, MODEL, BRAND, DESCRIPTION) VALUES (3, 'Nikon D7000 + 3obiektywy 35mm 17-50mm FISH SB-800', 3200, 'D7000', 'Nikon', 'Jedna z najlepszych portretówek 35mm value for money, bardzo jasny obiektyw');
INSERT INTO PRODUCT (ID, NAME, PRICE, MODEL, BRAND, DESCRIPTION) VALUES (4, 'AEGIS RYZEN 7 2700X /32GB/ 500GB SSD + 3TB RTX2060', 4194, 'RYZEN7AEGISRTX2060', 'QuickPC', 'Nowoczesna platforma z ośmiordzeniowym ( 16 wątków )  procesorem AMD RYZEN 7 2700X, pamięciami DDR4 i wydajną grafiką RTX 2060 na solidnej płycie B450.');
INSERT INTO PRODUCT (ID, NAME, PRICE, MODEL, BRAND, DESCRIPTION) VALUES (5, 'Lenovo ThinkPad X240 |I5-4Gen|8GB|128SSD|Led|W10', 1312.50, 'X240', 'Lenovo', 'Lenovo ThinkPad X240');

# PRODUCT_CATEGORY
INSERT INTO PRODUCT_CATEGORY (PRODUCT_ID, CATEGORY_ID) VALUES (1, 21);
INSERT INTO PRODUCT_CATEGORY (PRODUCT_ID, CATEGORY_ID) VALUES (2, 22);
INSERT INTO PRODUCT_CATEGORY (PRODUCT_ID, CATEGORY_ID) VALUES (3, 23);
INSERT INTO PRODUCT_CATEGORY (PRODUCT_ID, CATEGORY_ID) VALUES (4, 24);
INSERT INTO PRODUCT_CATEGORY (PRODUCT_ID, CATEGORY_ID) VALUES (5, 25);

# PROMOTION
INSERT INTO PROMOTION (PRODUCT_ID, PERCENT_VALUE, START_DATE, END_DATE) VALUES (1, 25, '2020-12-05', '2020-12-12');
INSERT INTO PROMOTION (PRODUCT_ID, PERCENT_VALUE, START_DATE, END_DATE) VALUES (3, 25, '2020-12-10', '2020-12-20');
INSERT INTO PROMOTION (PRODUCT_ID, PERCENT_VALUE, START_DATE, END_DATE) VALUES (5, 25, '2020-12-20', '2020-12-30');

# REVIEW
INSERT INTO REVIEW (ID, PRODUCT_ID, GRADE, REVIEW_COMMENT) VALUES (1, 1, 0, 'Bardzo ładny i estenyczny album na zdjęcia. Polecam!');
INSERT INTO REVIEW (ID, PRODUCT_ID, GRADE, REVIEW_COMMENT) VALUES (2, 1, 0, 'Jest to jeden z najlepszych jakie posiadam !');
INSERT INTO REVIEW (ID, PRODUCT_ID, GRADE, REVIEW_COMMENT) VALUES (3, 2, 0, 'Aparat robi dobrej jakości zdjęcia. Polecam zakup !');
INSERT INTO REVIEW (ID, PRODUCT_ID, GRADE, REVIEW_COMMENT) VALUES (4, 3, 0, 'Nie polecam ! Aparat nie jest warty swojej ceny');
INSERT INTO REVIEW (ID, PRODUCT_ID, GRADE, REVIEW_COMMENT) VALUES (5, 4, 0, 'Komputer stworzony do gier! Bardzo polecam !');
INSERT INTO REVIEW (ID, PRODUCT_ID, GRADE, REVIEW_COMMENT) VALUES (6, 5, 0, 'Laptop dobrej jakości. Polecam zakup');

# OFFER
INSERT INTO OFFER (PRODUCT_ID, QUANTITY, CREATION_DATE, END_DATE) VALUES (1, 1, '2020-12-20 12:00:00', '2020-12-20');
INSERT INTO OFFER (PRODUCT_ID, QUANTITY, CREATION_DATE, END_DATE) VALUES (2, 2, '2020-12-20 12:00:00', '2020-12-21');
INSERT INTO OFFER (PRODUCT_ID, QUANTITY, CREATION_DATE, END_DATE) VALUES (3, 3, '2020-12-20 12:00:00', '2020-12-22');
INSERT INTO OFFER (PRODUCT_ID, QUANTITY, CREATION_DATE, END_DATE) VALUES (4, 4, '2020-12-20 12:00:00', '2020-12-23');
INSERT INTO OFFER (PRODUCT_ID, QUANTITY, CREATION_DATE, END_DATE) VALUES (5, 5, '2020-12-20 12:00:00', '2020-12-24');

# TRANSACTION
INSERT INTO TRANSACTION (ID, USER_ID, DATE_OF_PURCHASE) VALUES (1, 1, '2020-12-20 12:00:00');

# TRANSACTION_PRODUCT
INSERT INTO TRANSACTION_PRODUCT (TRANSACTION_ID, PRODUCT_ID) VALUES (1, 2);